timestamp_utc,ticker,strategy,outcome,count,signal_price,requested_limit_price,snapped_limit_price,model_probability,market_probability,edge,seconds_remaining,brti_price,target_price,distance_dollars,status,fill_count,actual_fill_price,error_type,error_message
2026-09-25T14:39:07.896010+00:00,KXBTC15M-26SEP251045-45,HIGH_CONFIDENCE_6M,yes,1.0,0.976,0.99,0.99,0.97627924,0.9755,,358.287185,83910.66,83661.01,249.65,FILLED,1.0,0.977,,
2026-09-25T15:39:10.385546+00:00,KXBTC15M-26SEP251145-45,HIGH_CONFIDENCE_6M,no,1.0,0.85,0.88,0.88,0.85348519,0.845,,356.354876,83622.09,83745.68,-123.59,FILLED,1.0,0.85,,
2026-09-25T16:09:06.715451+00:00,KXBTC15M-26SEP251215-15,HIGH_CONFIDENCE_6M,yes,1.0,0.935,0.965,0.965,0.92875158,0.9345,,358.273999,83945.12,83753.38,191.74,FILLED,1.0,0.935,,
2026-09-25T16:54:02.668893+00:00,KXBTC15M-26SEP251300-00,HIGH_CONFIDENCE_6M,no,1.0,0.901,0.931,0.931,0.89464436,0.9005,,359.814492,83816.01,83928.15,-112.14,FILLED,1.0,0.908,,
2026-09-25T17:09:03.225483+00:00,KXBTC15M-26SEP251315-15,HIGH_CONFIDENCE_6M,yes,1.0,0.965,0.99,0.99,0.96564946,0.9645,,358.66374,83889.14,83730.65,158.49,FILLED,1.0,0.9669,,
2026-09-25T17:54:02.732582+00:00,KXBTC15M-26SEP251400-00,HIGH_CONFIDENCE_6M,no,1.0,0.925,0.955,0.955,0.92562039,0.9245,,359.206802,83709.56,83802.22,-92.66,FILLED,1.0,0.934,,
2026-09-25T18:09:03.427090+00:00,KXBTC15M-26SEP251415-15,HIGH_CONFIDENCE_6M,yes,1.0,0.94,0.97,0.97,0.94312006,0.939,,358.595314,83866.52,83768.0,98.52,FILLED,1.0,0.945,,
2026-09-25T20:09:09.002961+00:00,KXBTC15M-26SEP251615-15,HIGH_CONFIDENCE_6M,no,1.0,0.91,0.94,0.94,0.92087231,0.9095,,358.621502,83946.62,84028.57,-81.95,FILLED,1.0,0.87,,
2026-09-25T20:24:03.565008+00:00,KXBTC15M-26SEP251630-30,HIGH_CONFIDENCE_6M,yes,4.0,0.922,0.952,0.952,0.92158552,0.9215,,358.157431,84043.44,83963.17,80.27,FILLED,4.0,0.935,,
2026-09-25T20:39:04.806736+00:00,KXBTC15M-26SEP251645-45,HIGH_CONFIDENCE_6M,yes,4.0,0.91,0.94,0.94,0.9033034,0.9095,,359.947127,84181.01,84053.39,127.62,FILLED,4.0,0.88,,
2026-09-25T20:54:11.222137+00:00,KXBTC15M-26SEP251700-00,HIGH_CONFIDENCE_6M,no,4.0,0.963,0.99,0.99,0.96280964,0.9625,,356.25434,83961.79,84104.45,-142.66,FILLED,4.0,0.956,,
2026-09-26T00:24:09.887930+00:00,KXBTC15M-26SEP252030-30,HIGH_CONFIDENCE_6M,no,40.0,0.82,0.85,0.85,0.84557279,0.815,,354.836073,84029.87,84077.82,-47.95,FILLED,40.0,0.82,,
2026-09-26T00:39:08.898847+00:00,KXBTC15M-26SEP252045-45,HIGH_CONFIDENCE_6M,no,40.0,0.959,0.989,0.989,0.96070667,0.9585,,357.234687,83799.34,83937.53,-138.19,FILLED,40.0,0.961,,
2026-09-26T01:09:04.415352+00:00,KXBTC15M-26SEP252115-15,HIGH_CONFIDENCE_6M,yes,40.0,0.85,,,0.85240433,0.845,,358.481726,83938.58,83885.1,53.48,BLOCKED_EXISTING_POSITION,0,,,YES x19.36
2026-09-26T01:39:07.685557+00:00,KXBTC15M-26SEP252145-45,HIGH_CONFIDENCE_6M,yes,40.0,0.916,0.946,0.946,0.91668044,0.9155,,357.199571,84016.64,83939.7,76.94,FILLED,40.0,0.916,,
2026-09-26T02:09:05.900254+00:00,KXBTC15M-26SEP252215-15,HIGH_CONFIDENCE_6M,no,40.0,0.78,0.81,0.81,0.80359138,0.775,,358.986823,84026.72,84065.39,-38.67,FILLED,40.0,0.77,,
2026-09-26T02:24:05.162063+00:00,KXBTC15M-26SEP252230-30,HIGH_CONFIDENCE_6M,no,40.0,0.82,0.85,0.85,0.83429075,0.815,,359.672265,84056.11,84097.55,-41.44,FILLED,40.0,0.79,,
2026-09-26T03:24:06.758757+00:00,KXBTC15M-26SEP252330-30,HIGH_CONFIDENCE_6M,yes,40.0,0.8,0.83,0.83,0.81678084,0.795,,359.929853,83945.87,83920.25,25.62,FILLED,40.0,0.81,,
2026-09-26T04:09:05.341857+00:00,KXBTC15M-26SEP260015-15,HIGH_CONFIDENCE_6M,yes,40.0,0.955,0.985,0.985,0.95105384,0.9545,,359.475463,83994.57,83934.82,59.75,FILLED,40.0,0.956,,
2026-09-26T04:24:04.965945+00:00,KXBTC15M-26SEP260030-30,HIGH_CONFIDENCE_6M,no,40.0,0.88,0.91,0.91,0.87034832,0.875,,359.880989,83937.2,83980.55,-43.35,FILLED,40.0,0.88,,
2026-09-26T05:09:07.655061+00:00,KXBTC15M-26SEP260115-15,HIGH_CONFIDENCE_6M,yes,40.0,0.9,0.93,0.93,0.89599047,0.895,,357.187526,83996.25,83972.06,24.19,FILLED,40.0,0.907,,
2026-09-26T05:24:06.839382+00:00,KXBTC15M-26SEP260130-30,HIGH_CONFIDENCE_6M,yes,40.0,0.84,0.87,0.87,0.81408527,0.835,,358.11247,83977.31,83959.3,18.01,FILLED,40.0,0.85,,
2026-09-26T05:54:05.492298+00:00,KXBTC15M-26SEP260200-00,HIGH_CONFIDENCE_6M,no,40.0,0.85,0.88,0.88,0.8590351,0.845,,359.396989,83916.21,83945.29,-29.08,FILLED,18.0,0.86,,
2026-09-26T07:09:09.254640+00:00,KXBTC15M-26SEP260315-15,HIGH_CONFIDENCE_6M,yes,40.0,0.949,0.979,0.979,0.95159824,0.9475,,357.077948,83996.01,83888.15,107.86,FILLED,19.0,0.9522,,
2026-09-26T08:09:06.689024+00:00,KXBTC15M-26SEP260415-15,HIGH_CONFIDENCE_6M,no,40.0,0.906,0.936,0.936,0.90058526,0.9055,,357.960204,84056.32,84100.46,-44.14,FILLED,21.0,0.84,,
2026-09-26T08:24:07.377027+00:00,KXBTC15M-26SEP260430-30,HIGH_CONFIDENCE_6M,no,40.0,0.77,0.8,0.8,0.81349455,0.765,,357.598849,84031.02,84046.27,-15.25,FILLED,28.0,0.77,,
2026-09-26T08:39:07.207998+00:00,KXBTC15M-26SEP260445-45,HIGH_CONFIDENCE_6M,yes,40.0,0.984,0.99,0.99,0.98391288,0.9835,,357.453238,84308.07,84086.05,222.02,FILLED,8.0,0.984,,
2026-09-26T08:54:06.482872+00:00,KXBTC15M-26SEP260500-00,HIGH_CONFIDENCE_6M,no,40.0,0.936,0.966,0.966,0.94158286,0.9355,,358.304156,84213.27,84278.34,-65.07,FILLED,8.0,0.94,,
2026-09-26T10:09:06.354873+00:00,KXBTC15M-26SEP260615-15,HIGH_CONFIDENCE_6M,yes,40.0,0.976,0.99,0.99,0.97641632,0.9755,,358.480103,84084.78,83996.59,88.19,FILLED,8.0,0.975,,
2026-09-26T10:24:05.789085+00:00,KXBTC15M-26SEP260630-30,HIGH_CONFIDENCE_6M,yes,40.0,0.89,0.92,0.92,0.86584237,0.885,,359.098472,84152.14,84104.46,47.68,FILLED,9.0,0.89,,
2026-09-26T11:39:05.431300+00:00,KXBTC15M-26SEP260745-45,HIGH_CONFIDENCE_6M,yes,40.0,0.928,0.958,0.958,0.93220888,0.9275,,359.292203,84186.38,84151.82,34.56,FILLED,10.0,0.927,,
2026-09-26T14:24:06.987721+00:00,KXBTC15M-26SEP261030-30,HIGH_CONFIDENCE_6M,yes,40.0,0.77,0.8,0.8,0.80564122,0.765,,357.760267,83957.36,83938.13,19.23,FILLED,40.0,0.77,,
2026-09-26T14:39:05.774691+00:00,KXBTC15M-26SEP261045-45,HIGH_CONFIDENCE_6M,yes,40.0,0.904,0.934,0.934,0.90959989,0.9035,,358.912815,84002.03,83963.76,38.27,FILLED,40.0,0.91,,
2026-09-26T14:54:07.300568+00:00,KXBTC15M-26SEP261100-00,HIGH_CONFIDENCE_6M,yes,40.0,0.89,0.92,0.92,0.90211668,0.885,,357.51725,84041.28,84007.65,33.63,FILLED,40.0,0.89,,
2026-09-26T15:39:05.889811+00:00,KXBTC15M-26SEP261145-45,HIGH_CONFIDENCE_6M,yes,40.0,0.927,0.957,0.957,0.93015589,0.9265,,359.032126,84126.7,84045.99,80.71,FILLED,40.0,0.9179,,
2026-09-26T16:39:05.160936+00:00,KXBTC15M-26SEP261245-45,HIGH_CONFIDENCE_6M,yes,40.0,0.931,0.961,0.961,0.93751126,0.9305,,359.917048,84144.49,84104.04,40.45,FILLED,40.0,0.93,,
2026-09-26T16:54:06.136971+00:00,KXBTC15M-26SEP261300-00,HIGH_CONFIDENCE_6M,no,40.0,0.88,0.91,0.91,0.87591332,0.875,,358.810484,84111.13,84140.86,-29.73,FILLED,40.0,0.89,,
2026-09-26T18:09:05.971303+00:00,KXBTC15M-26SEP261415-15,HIGH_CONFIDENCE_6M,no,40.0,0.83,0.86,0.86,0.80360019,0.825,,358.899546,84099.72,84124.44,-24.72,FILLED,40.0,0.82,,
2026-09-26T19:09:11.451607+00:00,KXBTC15M-26SEP261515-15,HIGH_CONFIDENCE_6M,yes,40.0,0.81,0.84,0.84,0.83996407,0.805,,354.842845,84019.09,83995.43,23.66,FILLED,40.0,0.82,,
2026-09-26T19:39:07.278136+00:00,KXBTC15M-26SEP261545-45,HIGH_CONFIDENCE_6M,no,40.0,0.967,0.99,0.99,0.96652825,0.9665,,357.986654,83964.17,84025.56,-61.39,FILLED,40.0,0.969,,
2026-09-26T20:09:04.784272+00:00,KXBTC15M-26SEP261615-15,HIGH_CONFIDENCE_6M,yes,40.0,0.87,0.9,0.9,0.85002453,0.865,,359.94814,84029.41,84005.27,24.14,FILLED,40.0,0.87,,
2026-09-26T20:24:08.121796+00:00,KXBTC15M-26SEP261630-30,HIGH_CONFIDENCE_6M,yes,40.0,0.918,0.948,0.948,0.92719014,0.9175,,357.108439,84035.24,84001.57,33.67,FILLED,40.0,0.918,,
2026-09-26T20:54:06.977514+00:00,KXBTC15M-26SEP261700-00,HIGH_CONFIDENCE_6M,yes,40.0,0.976,0.99,0.99,0.97536621,0.975,,357.849497,83988.54,83872.97,115.57,FILLED,40.0,0.9737,,
2026-09-26T21:09:06.520978+00:00,KXBTC15M-26SEP261715-15,HIGH_CONFIDENCE_6M,yes,40.0,0.933,0.963,0.963,0.93611017,0.9325,,358.25928,84083.42,84015.8,67.62,FILLED,40.0,0.934,,
2026-09-26T21:39:07.251874+00:00,KXBTC15M-26SEP261745-45,HIGH_CONFIDENCE_6M,yes,40.0,0.79,0.82,0.82,0.81166042,0.785,,357.583165,84189.61,84164.21,25.4,FILLED,40.0,0.79,,
2026-09-26T22:09:05.891156+00:00,KXBTC15M-26SEP261815-15,HIGH_CONFIDENCE_6M,yes,40.0,0.98,0.99,0.99,0.98010638,0.9795,,358.863048,84315.85,84141.16,174.69,FILLED,35.0,0.98,,
2026-09-26T22:24:05.205123+00:00,KXBTC15M-26SEP261830-30,HIGH_CONFIDENCE_6M,no,40.0,0.88,0.91,0.91,0.8787069,0.875,,359.819888,84272.64,84316.43,-43.79,FILLED,39.0,0.88,,
2026-09-26T22:39:03.123985+00:00,KXBTC15M-26SEP261845-45,HIGH_CONFIDENCE_6M,no,40.0,0.945,,,0.94906136,0.9445,,359.793129,84257.43,84336.47,-79.04,BLOCKED_EXISTING_POSITION,0,,,NO x44.19
2026-09-26T22:54:07.071943+00:00,KXBTC15M-26SEP261900-00,HIGH_CONFIDENCE_6M,yes,40.0,0.81,0.84,0.84,0.84857994,0.805,,357.71429,84326.32,84275.12,51.2,FILLED,40.0,0.81,,
2026-09-26T23:09:05.117804+00:00,KXBTC15M-26SEP261915-15,HIGH_CONFIDENCE_6M,yes,40.0,0.9,0.93,0.93,0.90940828,0.895,,359.654691,84312.61,84264.76,47.85,FILLED,26.0,0.87,,
2026-09-26T23:24:04.950494+00:00,KXBTC15M-26SEP261930-30,HIGH_CONFIDENCE_6M,yes,40.0,0.82,,,0.8324275,0.815,,357.993706,84381.54,84342.09,39.45,BLOCKED_EXISTING_POSITION,0,,,YES x34.52
2026-09-26T23:54:06.671805+00:00,KXBTC15M-26SEP262000-00,HIGH_CONFIDENCE_6M,yes,40.0,0.916,0.946,0.946,0.92563509,0.9155,,358.326596,84423.27,84343.8,79.47,FILLED,10.0,0.916,,
2026-09-27T00:09:04.849870+00:00,KXBTC15M-26SEP262015-15,HIGH_CONFIDENCE_6M,no,40.0,0.953,,,0.9556785,0.9525,,358.1319,84347.9,84426.95,-79.05,BLOCKED_EXISTING_POSITION,0,,,NO x32.48
2026-09-27T00:24:10.193811+00:00,KXBTC15M-26SEP262030-30,HIGH_CONFIDENCE_6M,no,40.0,0.941,0.971,0.971,0.94571341,0.9405,,356.823122,84258.84,84315.4,-56.56,FILLED,32.0,0.94,,
2026-09-27T00:39:03.276268+00:00,KXBTC15M-26SEP262045-45,HIGH_CONFIDENCE_6M,yes,40.0,0.976,,,0.97625797,0.9755,,359.628409,84353.14,84252.51,100.63,BLOCKED_EXISTING_POSITION,0,,,YES x49.60
2026-09-27T00:54:06.224173+00:00,KXBTC15M-26SEP262100-00,HIGH_CONFIDENCE_6M,no,40.0,0.908,,,0.9177899,0.9075,,356.944364,84288.73,84329.21,-40.48,BLOCKED_EXISTING_POSITION,0,,,NO x54.99
2026-09-27T01:39:04.933841+00:00,KXBTC15M-26SEP262145-45,HIGH_CONFIDENCE_6M,no,40.0,0.75,0.78,0.78,0.80669381,0.745,,359.88896,84304.97,84322.1,-17.13,FILLED,40.0,0.76,,
2026-09-27T01:54:07.338295+00:00,KXBTC15M-26SEP262200-00,HIGH_CONFIDENCE_6M,yes,40.0,0.958,0.988,0.988,0.95547017,0.9575,,357.422862,84494.42,84385.84,108.58,FILLED,38.0,0.961,,
2026-09-27T02:24:06.263045+00:00,KXBTC15M-26SEP262230-30,HIGH_CONFIDENCE_6M,yes,40.0,0.81,0.84,0.84,0.80172157,0.805,,359.116754,84504.56,84468.35,36.21,FILLED,40.0,0.82,,
2026-09-27T02:39:05.502448+00:00,KXBTC15M-26SEP262245-45,HIGH_CONFIDENCE_6M,no,40.0,0.81,0.84,0.84,0.82265197,0.805,,359.386217,84468.91,84490.91,-22.0,FILLED,40.0,0.81,,
2026-09-27T02:54:03.087997+00:00,KXBTC15M-26SEP262300-00,HIGH_CONFIDENCE_6M,no,40.0,0.82,0.85,0.85,0.81915288,0.815,,359.915001,84438.1,84464.3,-26.2,FILLED,40.0,0.83,,
2026-09-27T03:09:05.408310+00:00,KXBTC15M-26SEP262315-15,HIGH_CONFIDENCE_6M,yes,40.0,0.935,0.965,0.965,0.94076387,0.9345,,359.29777,84496.06,84442.04,54.02,FILLED,40.0,0.937,,
2026-09-27T03:24:08.371828+00:00,KXBTC15M-26SEP262330-30,HIGH_CONFIDENCE_6M,no,40.0,0.97,0.99,0.99,0.96910649,0.9675,,358.662955,84398.11,84465.61,-67.5,FILLED,40.0,0.968,,
2026-09-27T04:24:06.085762+00:00,KXBTC15M-26SEP270030-30,HIGH_CONFIDENCE_6M,no,40.0,0.86,0.89,0.89,0.86081649,0.855,,358.589562,84434.68,84469.22,-34.54,FILLED,40.0,0.85,,
2026-09-27T04:39:07.192031+00:00,KXBTC15M-26SEP270045-45,HIGH_CONFIDENCE_6M,no,40.0,0.977,0.99,0.99,0.97733442,0.9765,,358.658083,84320.0,84416.48,-96.48,FILLED,40.0,0.977,,
2026-09-27T04:54:06.271500+00:00,KXBTC15M-26SEP270100-00,HIGH_CONFIDENCE_6M,yes,40.0,0.81,0.84,0.84,0.8360976,0.805,,358.377672,84314.25,84294.83,19.42,FILLED,40.0,0.82,,
2026-09-27T05:09:04.925068+00:00,KXBTC15M-26SEP270115-15,HIGH_CONFIDENCE_6M,yes,40.0,0.978,0.99,0.99,0.97827264,0.9775,,359.819042,84383.56,84317.38,66.18,FILLED,40.0,0.978,,
2026-09-27T05:24:06.546575+00:00,KXBTC15M-26SEP270130-30,HIGH_CONFIDENCE_6M,yes,40.0,0.79,0.82,0.82,0.82713083,0.785,,358.347468,84380.56,84365.77,14.79,FILLED,40.0,0.79,,
2026-09-27T05:39:10.698401+00:00,KXBTC15M-26SEP270145-45,HIGH_CONFIDENCE_6M,yes,40.0,0.988,,,0.9874333,0.9875,,355.613623,84606.82,84377.04,229.78,BLOCKED_EXISTING_POSITION,0,,,YES x90.03
2026-09-27T05:54:10.486992+00:00,KXBTC15M-26SEP270200-00,HIGH_CONFIDENCE_6M,no,40.0,0.94,0.97,0.97,0.94470981,0.9395,,358.857345,84469.95,84521.33,-51.38,FILLED,40.0,0.94,,
2026-09-27T06:09:11.066345+00:00,KXBTC15M-26SEP270215-15,HIGH_CONFIDENCE_6M,yes,40.0,0.952,,,0.95059443,0.9515,,355.641095,84530.98,84477.79,53.19,BLOCKED_EXISTING_POSITION,0,,,YES x55.81
2026-09-27T06:24:21.083529+00:00,KXBTC15M-26SEP270230-30,HIGH_CONFIDENCE_6M,yes,40.0,0.83,0.86,0.86,0.84084213,0.825,,355.453782,84610.13,84579.6,30.53,FILLED,40.0,0.67,,
2026-09-27T06:39:05.405330+00:00,KXBTC15M-26SEP270245-45,HIGH_CONFIDENCE_6M,no,40.0,0.98,,,0.9799992,0.9795,,357.566346,84504.68,84588.14,-83.46,BLOCKED_EXISTING_POSITION,0,,,NO x121.53
2026-09-27T07:39:06.186318+00:00,KXBTC15M-26SEP270345-45,HIGH_CONFIDENCE_6M,yes,40.0,0.83,0.86,0.86,0.85057702,0.825,,358.515328,84546.13,84514.78,31.35,FILLED,40.0,0.84,,
2026-09-27T08:09:05.289723+00:00,KXBTC15M-26SEP270415-15,HIGH_CONFIDENCE_6M,yes,40.0,0.88,0.91,0.91,0.89090364,0.875,,359.485788,84825.41,84761.85,63.56,FILLED,40.0,0.88,,
2026-09-27T08:39:06.604374+00:00,KXBTC15M-26SEP270445-45,HIGH_CONFIDENCE_6M,no,40.0,0.88,0.91,0.91,0.87514525,0.875,,358.210465,84737.78,84796.13,-58.35,FILLED,40.0,0.83,,
2026-09-27T08:54:04.727582+00:00,KXBTC15M-26SEP270500-00,HIGH_CONFIDENCE_6M,yes,40.0,0.93,0.96,0.96,0.93610336,0.9295,,359.973204,84778.21,84706.93,71.28,FILLED,40.0,0.93,,
2026-09-27T09:09:06.362844+00:00,KXBTC15M-26SEP270515-15,HIGH_CONFIDENCE_6M,no,40.0,0.972,0.99,0.99,0.97273856,0.9715,,358.58277,84664.05,84786.64,-122.59,FILLED,40.0,0.971,,
2026-09-27T09:39:05.444836+00:00,KXBTC15M-26SEP270545-45,HIGH_CONFIDENCE_6M,yes,40.0,0.82,0.85,0.85,0.83561073,0.815,,359.390419,84741.39,84691.13,50.26,FILLED,40.0,0.83,,
2026-09-27T09:54:07.307879+00:00,KXBTC15M-26SEP270600-00,HIGH_CONFIDENCE_6M,yes,40.0,0.972,0.99,0.99,0.97272788,0.9715,,357.334497,84883.62,84774.09,109.53,FILLED,40.0,0.972,,
2026-09-27T10:09:07.134452+00:00,KXBTC15M-26SEP270615-15,HIGH_CONFIDENCE_6M,yes,40.0,0.86,0.89,0.89,0.85027299,0.855,,357.654452,84964.0,84915.84,48.16,FILLED,40.0,0.86,,
2026-09-27T10:24:07.033905+00:00,KXBTC15M-26SEP270630-30,HIGH_CONFIDENCE_6M,no,40.0,0.85,0.88,0.88,0.83630643,0.845,,357.787195,84965.61,85022.31,-56.7,FILLED,40.0,0.84,,
2026-09-27T10:54:07.224055+00:00,KXBTC15M-26SEP270700-00,HIGH_CONFIDENCE_6M,no,40.0,0.931,0.961,0.961,0.93454583,0.9305,,357.573989,84798.44,84852.39,-53.95,FILLED,40.0,0.933,,
2026-09-27T11:09:06.121097+00:00,KXBTC15M-26SEP270715-15,HIGH_CONFIDENCE_6M,yes,40.0,0.9,0.93,0.93,0.90266042,0.895,,358.694022,84913.02,84857.73,55.29,FILLED,40.0,0.9,,
2026-09-27T11:39:06.432011+00:00,KXBTC15M-26SEP270745-45,HIGH_CONFIDENCE_6M,no,40.0,0.926,0.956,0.956,0.92788653,0.9255,,358.438979,84832.94,84901.09,-68.15,FILLED,40.0,0.9282,,
2026-09-27T12:09:07.651342+00:00,KXBTC15M-26SEP270815-15,HIGH_CONFIDENCE_6M,yes,40.0,0.94,0.97,0.97,0.94488251,0.9395,,357.229932,84944.7,84881.7,63.0,FILLED,40.0,0.943,,
2026-09-27T12:54:06.847944+00:00,KXBTC15M-26SEP270900-00,HIGH_CONFIDENCE_6M,no,40.0,0.942,0.972,0.972,0.94453572,0.9415,,357.769222,84934.25,84974.89,-40.64,FILLED,40.0,0.901,,
2026-09-27T13:24:06.780541+00:00,KXBTC15M-26SEP270930-30,HIGH_CONFIDENCE_6M,yes,40.0,0.984,0.99,0.99,0.98391288,0.9835,,358.030478,84813.45,84657.95,155.5,FILLED,40.0,0.985,,
2026-09-27T13:54:07.444657+00:00,KXBTC15M-26SEP271000-00,HIGH_CONFIDENCE_6M,yes,40.0,0.96,0.99,0.99,0.96170722,0.9595,,357.308526,84885.5,84798.31,87.19,FILLED,40.0,0.96,,
2026-09-27T14:24:05.451728+00:00,KXBTC15M-26SEP271030-30,HIGH_CONFIDENCE_6M,no,40.0,0.985,0.99,0.99,0.98463362,0.9845,,359.383864,84816.53,84987.83,-171.3,FILLED,40.0,0.984,,
2026-09-27T14:54:06.474282+00:00,KXBTC15M-26SEP271100-00,HIGH_CONFIDENCE_6M,no,40.0,0.958,0.988,0.988,0.95736084,0.9575,,358.388199,84580.03,84746.37,-166.34,FILLED,40.0,0.96,,
2026-09-27T15:24:08.725286+00:00,KXBTC15M-26SEP271130-30,HIGH_CONFIDENCE_6M,yes,40.0,0.969,0.99,0.99,0.96691661,0.9685,,357.077599,84584.38,84478.08,106.3,FILLED,40.0,0.968,,
2026-09-27T15:39:07.215633+00:00,KXBTC15M-26SEP271145-45,HIGH_CONFIDENCE_6M,no,40.0,0.936,0.966,0.966,0.93468718,0.9355,,357.600323,84485.02,84577.8,-92.78,FILLED,19.0,0.932,,
2026-09-27T16:09:05.495009+00:00,KXBTC15M-26SEP271215-15,HIGH_CONFIDENCE_6M,yes,40.0,0.957,0.987,0.987,0.95837511,0.956,,359.086296,84554.8,84455.59,99.21,FILLED,20.0,0.957,,
2026-09-27T16:39:03.978349+00:00,KXBTC15M-26SEP271245-45,HIGH_CONFIDENCE_6M,no,40.0,0.941,0.971,0.971,0.93906335,0.9405,,358.487625,84441.06,84569.84,-128.78,FILLED,21.0,0.936,,
2026-09-27T16:54:04.715535+00:00,KXBTC15M-26SEP271300-00,HIGH_CONFIDENCE_6M,yes,40.0,0.88,0.91,0.91,0.84447253,0.875,,359.236195,84414.53,84370.69,43.84,FILLED,40.0,0.88,,
2026-09-27T17:24:05.040945+00:00,KXBTC15M-26SEP271330-30,HIGH_CONFIDENCE_6M,yes,40.0,0.92,0.95,0.95,0.92722951,0.919,,359.787616,84430.48,84372.63,57.85,FILLED,40.0,0.927,,
2026-09-27T17:39:05.086117+00:00,KXBTC15M-26SEP271345-45,HIGH_CONFIDENCE_6M,yes,40.0,0.943,0.973,0.973,0.93444836,0.9425,,359.725024,84471.86,84417.64,54.22,FILLED,40.0,0.943,,
2026-09-27T17:54:05.010336+00:00,KXBTC15M-26SEP271400-00,HIGH_CONFIDENCE_6M,yes,40.0,0.961,0.99,0.99,0.96285738,0.9605,,359.612583,84536.54,84464.13,72.41,FILLED,40.0,0.964,,
2026-09-27T18:24:06.718610+00:00,KXBTC15M-26SEP271430-30,HIGH_CONFIDENCE_6M,yes,40.0,0.96,0.99,0.99,0.94757809,0.959,,359.619691,84670.68,84585.08,85.6,FILLED,40.0,0.9522,,
2026-09-27T19:09:04.639530+00:00,KXBTC15M-26SEP271515-15,HIGH_CONFIDENCE_6M,no,40.0,0.88,,,0.89585535,0.875,,358.214312,84749.19,84795.5,-46.31,BLOCKED_EXISTING_POSITION,0,,,NO x30.15
2026-09-27T19:24:05.559400+00:00,KXBTC15M-26SEP271530-30,HIGH_CONFIDENCE_6M,no,40.0,0.88,0.91,0.91,0.85714296,0.875,,359.303171,84741.45,84786.32,-44.87,FILLED,40.0,0.88,,
2026-09-27T19:39:10.447489+00:00,KXBTC15M-26SEP271545-45,HIGH_CONFIDENCE_6M,yes,40.0,0.969,0.99,0.99,0.95801779,0.9685,,357.645487,84761.66,84680.29,81.37,FILLED,40.0,0.9697,,
2026-09-27T20:09:12.561242+00:00,KXBTC15M-26SEP271615-15,HIGH_CONFIDENCE_6M,yes,40.0,0.904,0.934,0.934,0.87644544,0.9035,,358.176261,84756.1,84720.83,35.27,FILLED,40.0,0.912,,
2026-09-27T20:24:14.884511+00:00,KXBTC15M-26SEP271630-30,HIGH_CONFIDENCE_6M,no,40.0,0.986,0.99,0.99,0.98581385,0.9855,,356.421773,84624.73,84795.01,-170.28,FILLED,40.0,0.986,,
2026-09-27T20:54:12.344806+00:00,KXBTC15M-26SEP271700-00,HIGH_CONFIDENCE_6M,no,40.0,0.921,,,0.92953884,0.9205,,356.673498,84562.31,84621.47,-59.16,BLOCKED_EXISTING_POSITION,0,,,NO x49.30
2026-09-27T21:09:07.104634+00:00,KXBTC15M-26SEP271715-15,HIGH_CONFIDENCE_6M,yes,40.0,0.948,,,0.95159824,0.9475,,359.207191,84608.92,84534.55,74.37,BLOCKED_EXISTING_POSITION,0,,,YES x52.49
2026-09-27T21:39:14.761744+00:00,KXBTC15M-26SEP271745-45,HIGH_CONFIDENCE_6M,no,40.0,0.936,0.966,0.966,0.92087661,0.9355,,354.60401,84502.56,84606.54,-103.98,FILLED,40.0,0.9374,,
2026-09-27T21:54:16.157366+00:00,KXBTC15M-26SEP271800-00,HIGH_CONFIDENCE_6M,yes,40.0,0.987,0.99,0.99,0.9867739,0.9865,,357.073961,84668.5,84532.33,136.17,FILLED,40.0,0.9879,,
2026-09-27T22:09:19.171499+00:00,KXBTC15M-26SEP271815-15,HIGH_CONFIDENCE_6M,no,40.0,0.992,,,0.99144263,0.9915,,351.696125,84388.47,84656.98,-268.51,BLOCKED_EXISTING_POSITION,0,,,NO x58.96
2026-09-27T22:24:13.511663+00:00,KXBTC15M-26SEP271830-30,HIGH_CONFIDENCE_6M,yes,40.0,0.989,0.99,0.99,0.9886967,0.9885,,357.737593,84494.9,84314.62,180.28,FILLED,40.0,0.989,,
2026-09-27T22:39:10.283029+00:00,KXBTC15M-26SEP271845-45,HIGH_CONFIDENCE_6M,no,40.0,0.983,0.99,0.99,0.98296532,0.9825,,356.28786,84238.21,84545.95,-307.74,FILLED,40.0,0.984,,
2026-09-27T23:24:05.952795+00:00,KXBTC15M-26SEP271930-30,HIGH_CONFIDENCE_6M,yes,40.0,0.938,0.968,0.968,0.93521189,0.9375,,358.871897,84320.08,84227.58,92.5,FILLED,40.0,0.938,,
2026-09-27T23:54:04.932173+00:00,KXBTC15M-26SEP272000-00,HIGH_CONFIDENCE_6M,yes,40.0,0.964,,,0.96537578,0.9635,,357.937275,84476.12,84337.75,138.37,BLOCKED_EXISTING_POSITION,0,,,YES x69.00
2026-09-28T00:39:10.271614+00:00,KXBTC15M-26SEP272045-45,HIGH_CONFIDENCE_6M,no,40.0,0.99,0.99,0.99,0.98966278,0.9895,,356.214307,84281.01,84780.77,-499.76,FILLED,40.0,0.99,,
2026-09-28T00:54:08.849993+00:00,KXBTC15M-26SEP272100-00,HIGH_CONFIDENCE_6M,yes,40.0,0.963,,,0.96378535,0.9625,,355.676922,84462.87,84272.52,190.35,BLOCKED_EXISTING_POSITION,0,,,YES x82.26
2026-09-28T01:39:06.341462+00:00,KXBTC15M-26SEP272145-45,HIGH_CONFIDENCE_6M,no,40.0,0.965,0.99,0.99,0.96538444,0.9645,,358.704037,83875.06,84077.35,-202.29,FILLED,40.0,0.973,,
2026-09-28T02:24:05.875188+00:00,KXBTC15M-26SEP272230-30,HIGH_CONFIDENCE_6M,no,40.0,0.938,0.968,0.968,0.94072073,0.9375,,358.783703,83579.21,83732.16,-152.95,FILLED,40.0,0.936,,
2026-09-28T02:39:07.780027+00:00,KXBTC15M-26SEP272245-45,HIGH_CONFIDENCE_6M,no,40.0,0.954,0.984,0.984,0.95514472,0.9535,,357.312446,83458.43,83652.19,-193.76,FILLED,40.0,0.964,,
2026-09-28T03:39:06.058224+00:00,KXBTC15M-26SEP272345-45,HIGH_CONFIDENCE_6M,yes,40.0,0.938,0.968,0.968,0.93108755,0.9375,,358.908891,83437.6,83317.98,119.62,FILLED,40.0,0.935,,
2026-09-28T03:54:05.989226+00:00,KXBTC15M-26SEP280000-00,HIGH_CONFIDENCE_6M,no,40.0,0.81,0.84,0.84,0.82144672,0.805,,358.991046,83390.22,83457.59,-67.37,FILLED,40.0,0.79,,
2026-09-28T05:09:06.954055+00:00,KXBTC15M-26SEP280115-15,HIGH_CONFIDENCE_6M,no,40.0,0.947,0.977,0.977,0.95041979,0.9465,,357.839746,83352.04,83484.63,-132.59,FILLED,40.0,0.95,,
2026-09-28T05:24:06.217377+00:00,KXBTC15M-26SEP280130-30,HIGH_CONFIDENCE_6M,no,40.0,0.969,0.99,0.99,0.9661126,0.9685,,358.655719,83050.72,83282.51,-231.79,FILLED,40.0,0.973,,
2026-09-28T05:39:07.353892+00:00,KXBTC15M-26SEP280145-45,HIGH_CONFIDENCE_6M,no,40.0,0.978,0.99,0.99,0.97649177,0.9775,,357.593471,82729.39,83071.6,-342.21,FILLED,40.0,0.976,,
2026-09-28T06:24:04.571046+00:00,KXBTC15M-26SEP280230-30,HIGH_CONFIDENCE_6M,no,40.0,0.926,,,0.92933621,0.9255,,359.438394,83119.39,83239.25,-119.86,BLOCKED_EXISTING_POSITION,0,,,NO x34.87
2026-09-28T07:24:06.723271+00:00,KXBTC15M-26SEP280330-30,HIGH_CONFIDENCE_6M,no,40.0,0.82,0.85,0.85,0.82259112,0.815,,358.181717,82992.68,83049.77,-57.09,ZERO_FILL,0,,,
2026-09-28T07:24:10.562089+00:00,KXBTC15M-26SEP280330-30,HIGH_CONFIDENCE_6M,no,40.0,0.82,0.85,,0.82259112,0.815,,352.331095,82979.0,83049.77,-70.77,BLOCKED_LIQUIDITY,0,,,
2026-09-28T07:24:16.535657+00:00,KXBTC15M-26SEP280330-30,HIGH_CONFIDENCE_6M,no,40.0,0.82,0.85,0.85,0.82259112,0.815,,348.500089,82976.82,83049.77,-72.95,FILLED,40.0,0.85,,
2026-09-28T07:54:07.310139+00:00,KXBTC15M-26SEP280400-00,HIGH_CONFIDENCE_6M,yes,40.0,0.84,0.87,0.87,0.8322771,0.835,,357.669722,82967.11,82894.82,72.29,FILLED,40.0,0.86,,
2026-09-28T08:24:08.072088+00:00,KXBTC15M-26SEP280430-30,HIGH_CONFIDENCE_6M,no,40.0,0.927,0.957,0.957,0.93303367,0.9265,,356.969376,82855.25,82977.62,-122.37,FILLED,40.0,0.95,,
2026-09-28T08:54:07.226596+00:00,KXBTC15M-26SEP280500-00,HIGH_CONFIDENCE_6M,yes,40.0,0.91,0.94,0.94,0.90879721,0.9095,,357.620174,82956.51,82861.02,95.49,FILLED,40.0,0.921,,
2026-09-28T09:09:07.631245+00:00,KXBTC15M-26SEP280515-15,HIGH_CONFIDENCE_6M,no,40.0,0.986,0.99,0.99,0.98561253,0.9855,,357.227346,82585.73,82926.45,-340.72,FILLED,40.0,0.9864,,
2026-09-28T09:39:04.988083+00:00,KXBTC15M-26SEP280545-45,HIGH_CONFIDENCE_6M,no,40.0,0.974,0.99,0.99,0.97441302,0.9735,,359.82228,82570.58,82769.93,-199.35,FILLED,40.0,0.963,,
2026-09-28T10:09:06.974227+00:00,KXBTC15M-26SEP280615-15,HIGH_CONFIDENCE_6M,yes,40.0,0.85,0.88,0.88,0.85721122,0.845,,357.977854,82691.57,82615.99,75.58,FILLED,40.0,0.87,,
2026-09-28T10:24:06.098219+00:00,KXBTC15M-26SEP280630-30,HIGH_CONFIDENCE_6M,yes,40.0,0.8,0.83,0.83,0.81657647,0.795,,358.811177,82731.22,82682.18,49.04,FILLED,40.0,0.78,,
2026-09-28T10:39:07.821119+00:00,KXBTC15M-26SEP280645-45,HIGH_CONFIDENCE_6M,yes,40.0,0.962,0.99,0.99,0.96212598,0.9615,,357.254013,82885.35,82772.22,113.13,FILLED,40.0,0.966,,
2026-09-28T11:24:03.484807+00:00,KXBTC15M-26SEP280730-30,HIGH_CONFIDENCE_6M,yes,40.0,0.82,,,0.80385734,0.815,,359.40065,83028.5,82956.62,71.88,BLOCKED_EXISTING_POSITION,0,,,YES x42.15
2026-09-28T12:54:06.961306+00:00,KXBTC15M-26SEP280900-00,HIGH_CONFIDENCE_6M,yes,40.0,0.975,,,0.97491462,0.9745,,358.117893,83522.28,83290.13,232.15,BLOCKED_EXISTING_POSITION,0,,,YES x43.29
2026-09-28T13:09:09.319119+00:00,KXBTC15M-26SEP280915-15,HIGH_CONFIDENCE_6M,no,40.0,0.98,0.99,0.99,0.98014075,0.9795,,356.989333,83323.67,83547.31,-223.64,FILLED,40.0,0.981,,
2026-09-28T13:39:07.459638+00:00,KXBTC15M-26SEP280945-45,HIGH_CONFIDENCE_6M,yes,40.0,0.83,0.86,0.86,0.80490571,0.825,,359.590405,83671.94,83528.72,143.22,ZERO_FILL,0,,,
2026-09-28T13:39:12.636514+00:00,KXBTC15M-26SEP280945-45,HIGH_CONFIDENCE_6M,yes,40.0,0.83,0.86,,0.80490571,0.825,,351.321335,83742.39,83528.72,213.67,BLOCKED_LIQUIDITY,0,,,
2026-09-28T13:39:17.536620+00:00,KXBTC15M-26SEP280945-45,HIGH_CONFIDENCE_6M,yes,40.0,0.83,0.86,,0.80490571,0.825,,345.934695,83740.07,83528.72,211.35,EXECUTION_WINDOW_EXPIRED,0,,,time window expired
2026-09-28T14:09:02.851581+00:00,KXBTC15M-26SEP281015-15,HIGH_CONFIDENCE_6M,no,40.0,0.88,,,0.87849305,0.875,,358.584819,83480.33,83635.43,-155.1,BLOCKED_EXISTING_POSITION,0,,,NO x57.20
2026-09-28T14:39:07.447505+00:00,KXBTC15M-26SEP281045-45,HIGH_CONFIDENCE_6M,yes,40.0,0.85,0.88,0.88,0.84235709,0.845,,357.507049,83312.6,83179.22,133.38,ZERO_FILL,0,,,
2026-09-28T14:39:11.397412+00:00,KXBTC15M-26SEP281045-45,HIGH_CONFIDENCE_6M,yes,40.0,0.85,0.88,,0.84235709,0.845,,351.609686,83342.55,83179.22,163.33,BLOCKED_LIQUIDITY,0,,,
2026-09-28T14:39:15.524564+00:00,KXBTC15M-26SEP281045-45,HIGH_CONFIDENCE_6M,yes,40.0,0.85,0.88,,0.84235709,0.845,,347.597962,83350.23,83179.22,171.01,BLOCKED_LIQUIDITY,0,,,
2026-09-28T14:39:18.437246+00:00,KXBTC15M-26SEP281045-45,HIGH_CONFIDENCE_6M,yes,40.0,0.85,0.88,,0.84235709,0.845,,343.54724,83380.78,83179.22,201.56,EXECUTION_WINDOW_EXPIRED,0,,,time window expired
