ticker,close_time,floor_strike,result,expiration_value
KXBTC15M-26SEP220215-15,2026-09-22T06:15:00Z,85392.5,no,85323.15
KXBTC15M-26SEP220230-30,2026-09-22T06:30:00Z,85323.15,no,85323.05
KXBTC15M-26SEP220245-45,2026-09-22T06:45:00Z,85323.05,yes,85475.12
KXBTC15M-26SEP220300-00,2026-09-22T07:00:00Z,85475.12,no,85367.83
KXBTC15M-26SEP220315-15,2026-09-22T07:15:00Z,85367.83,yes,85436.31
KXBTC15M-26SEP220330-30,2026-09-22T07:30:00Z,85436.31,no,85272.98
KXBTC15M-26SEP220345-45,2026-09-22T07:45:00Z,85272.98,no,85207.70
KXBTC15M-26SEP220400-00,2026-09-22T08:00:00Z,85207.7,yes,85301.25
KXBTC15M-26SEP220415-15,2026-09-22T08:15:00Z,85301.25,yes,85484.46
KXBTC15M-26SEP220430-30,2026-09-22T08:30:00Z,85484.46,no,85403.66
KXBTC15M-26SEP220445-45,2026-09-22T08:45:00Z,85403.66,yes,86057.26
KXBTC15M-26SEP220500-00,2026-09-22T09:00:00Z,86057.26,yes,86198.64
KXBTC15M-26SEP220515-15,2026-09-22T09:15:00Z,86198.64,no,85915.40
KXBTC15M-26SEP220530-30,2026-09-22T09:30:00Z,85915.4,no,85882.45
KXBTC15M-26SEP220545-45,2026-09-22T09:45:00Z,85882.45,yes,86029.37
KXBTC15M-26SEP220600-00,2026-09-22T10:00:00Z,86029.37,yes,86220.99
KXBTC15M-26SEP220615-15,2026-09-22T10:15:00Z,86220.99,no,86007.05
KXBTC15M-26SEP220630-30,2026-09-22T10:30:00Z,86007.05,no,85853.59
KXBTC15M-26SEP220645-45,2026-09-22T10:45:00Z,85853.59,no,85841.93
KXBTC15M-26SEP220700-00,2026-09-22T11:00:00Z,85841.93,yes,85890.32
KXBTC15M-26SEP220715-15,2026-09-22T11:15:00Z,85890.32,yes,85935.84
KXBTC15M-26SEP220730-30,2026-09-22T11:30:00Z,85935.84,no,85895.80
KXBTC15M-26SEP220745-45,2026-09-22T11:45:00Z,85895.8,yes,86098.89
KXBTC15M-26SEP220800-00,2026-09-22T12:00:00Z,86098.89,no,85957.73
KXBTC15M-26SEP220815-15,2026-09-22T12:15:00Z,85957.73,no,85951.16
KXBTC15M-26SEP220830-30,2026-09-22T12:30:00Z,85951.16,yes,86054.54
KXBTC15M-26SEP220845-45,2026-09-22T12:45:00Z,86054.54,no,85985.05
KXBTC15M-26SEP220900-00,2026-09-22T13:00:00Z,85985.05,no,85972.92
KXBTC15M-26SEP220915-15,2026-09-22T13:15:00Z,85972.92,yes,86065.50
KXBTC15M-26SEP220930-30,2026-09-22T13:30:00Z,86065.5,no,85729.91
KXBTC15M-26SEP220945-45,2026-09-22T13:45:00Z,85729.91,yes,85906.05
KXBTC15M-26SEP221000-00,2026-09-22T14:00:00Z,85906.05,yes,86322.34
KXBTC15M-26SEP221015-15,2026-09-22T14:15:00Z,86322.34,yes,86336.02
KXBTC15M-26SEP221030-30,2026-09-22T14:30:00Z,86336.02,no,85974.40
KXBTC15M-26SEP221045-45,2026-09-22T14:45:00Z,85974.4,no,85857.72
KXBTC15M-26SEP221100-00,2026-09-22T15:00:00Z,85857.72,yes,86221.90
KXBTC15M-26SEP221115-15,2026-09-22T15:15:00Z,86221.9,yes,86291.01
KXBTC15M-26SEP221130-30,2026-09-22T15:30:00Z,86291.01,yes,86291.30
KXBTC15M-26SEP221145-45,2026-09-22T15:45:00Z,86291.3,yes,86512.94
KXBTC15M-26SEP221200-00,2026-09-22T16:00:00Z,86512.94,no,86414.09
KXBTC15M-26SEP221215-15,2026-09-22T16:15:00Z,86414.09,no,86169.65
KXBTC15M-26SEP221230-30,2026-09-22T16:30:00Z,86169.65,no,86114.19
KXBTC15M-26SEP221245-45,2026-09-22T16:45:00Z,86114.19,yes,86262.42
KXBTC15M-26SEP221300-00,2026-09-22T17:00:00Z,86262.42,yes,86458.76
KXBTC15M-26SEP221315-15,2026-09-22T17:15:00Z,86458.76,no,86430.49
KXBTC15M-26SEP221330-30,2026-09-22T17:30:00Z,86430.49,yes,86572.78
KXBTC15M-26SEP221345-45,2026-09-22T17:45:00Z,86572.78,no,86473.23
KXBTC15M-26SEP221400-00,2026-09-22T18:00:00Z,86473.23,yes,86617.50
KXBTC15M-26SEP221415-15,2026-09-22T18:15:00Z,86617.5,no,86590.38
KXBTC15M-26SEP221430-30,2026-09-22T18:30:00Z,86590.38,no,86338.53
KXBTC15M-26SEP221445-45,2026-09-22T18:45:00Z,86338.53,yes,86424.37
KXBTC15M-26SEP221500-00,2026-09-22T19:00:00Z,86424.37,yes,86506.05
KXBTC15M-26SEP221515-15,2026-09-22T19:15:00Z,86506.05,no,86502.67
KXBTC15M-26SEP221530-30,2026-09-22T19:30:00Z,86502.67,yes,86531.76
KXBTC15M-26SEP221545-45,2026-09-22T19:45:00Z,86531.76,no,86387.27
KXBTC15M-26SEP221600-00,2026-09-22T20:00:00Z,86387.27,no,86222.95
KXBTC15M-26SEP221615-15,2026-09-22T20:15:00Z,86222.95,yes,86225.82
KXBTC15M-26SEP221630-30,2026-09-22T20:30:00Z,86225.82,yes,86364.97
KXBTC15M-26SEP221645-45,2026-09-22T20:45:00Z,86364.97,no,86338.64
KXBTC15M-26SEP221700-00,2026-09-22T21:00:00Z,86338.64,no,86234.00
KXBTC15M-26SEP221715-15,2026-09-22T21:15:00Z,86234,yes,86263.93
KXBTC15M-26SEP221730-30,2026-09-22T21:30:00Z,86263.93,no,86261.13
KXBTC15M-26SEP221745-45,2026-09-22T21:45:00Z,86261.13,no,86211.92
KXBTC15M-26SEP221800-00,2026-09-22T22:00:00Z,86211.92,no,86197.40
KXBTC15M-26SEP221815-15,2026-09-22T22:15:00Z,86197.4,no,86046.42
KXBTC15M-26SEP221830-30,2026-09-22T22:30:00Z,86046.42,yes,86174.30
KXBTC15M-26SEP221845-45,2026-09-22T22:45:00Z,86174.3,yes,86209.02
KXBTC15M-26SEP221900-00,2026-09-22T23:00:00Z,86209.02,no,86129.31
KXBTC15M-26SEP221915-15,2026-09-22T23:15:00Z,86129.31,yes,86379.68
KXBTC15M-26SEP221930-30,2026-09-22T23:30:00Z,86379.68,no,86216.13
KXBTC15M-26SEP221945-45,2026-09-22T23:45:00Z,86216.13,no,86135.65
KXBTC15M-26SEP222000-00,2026-09-23T00:00:00Z,86135.65,yes,86188.22
KXBTC15M-26SEP222015-15,2026-09-23T00:15:00Z,86188.22,yes,86349.45
KXBTC15M-26SEP222030-30,2026-09-23T00:30:00Z,86349.45,yes,86440.57
KXBTC15M-26SEP222045-45,2026-09-23T00:45:00Z,86440.57,no,86436.83
KXBTC15M-26SEP222100-00,2026-09-23T01:00:00Z,86436.83,yes,86449.45
KXBTC15M-26SEP222115-15,2026-09-23T01:15:00Z,86449.45,yes,86723.64
KXBTC15M-26SEP222130-30,2026-09-23T01:30:00Z,86723.64,no,86623.64
KXBTC15M-26SEP222145-45,2026-09-23T01:45:00Z,86623.64,no,86304.02
KXBTC15M-26SEP222200-00,2026-09-23T02:00:00Z,86304.02,yes,86334.97
KXBTC15M-26SEP222215-15,2026-09-23T02:15:00Z,86334.97,yes,86353.73
KXBTC15M-26SEP222230-30,2026-09-23T02:30:00Z,86353.73,yes,86579.48
KXBTC15M-26SEP222245-45,2026-09-23T02:45:00Z,86579.48,no,86467.26
KXBTC15M-26SEP222300-00,2026-09-23T03:00:00Z,86467.26,yes,86536.82
KXBTC15M-26SEP222315-15,2026-09-23T03:15:00Z,86536.82,no,86516.56
KXBTC15M-26SEP222330-30,2026-09-23T03:30:00Z,86516.56,yes,86663.80
KXBTC15M-26SEP222345-45,2026-09-23T03:45:00Z,86663.8,yes,86832.79
KXBTC15M-26SEP230000-00,2026-09-23T04:00:00Z,86832.79,no,86698.29
KXBTC15M-26SEP230015-15,2026-09-23T04:15:00Z,86698.29,yes,86841.04
KXBTC15M-26SEP230030-30,2026-09-23T04:30:00Z,86841.04,yes,87061.36
KXBTC15M-26SEP230045-45,2026-09-23T04:45:00Z,87061.36,yes,87161.65
KXBTC15M-26SEP230100-00,2026-09-23T05:00:00Z,87161.65,yes,87176.95
KXBTC15M-26SEP230115-15,2026-09-23T05:15:00Z,87176.95,no,86935.98
KXBTC15M-26SEP230130-30,2026-09-23T05:30:00Z,86935.98,no,86766.64
KXBTC15M-26SEP230200-00,2026-09-23T06:00:00Z,86730.52,no,86478.37
KXBTC15M-26SEP230215-15,2026-09-23T06:15:00Z,86478.37,yes,86598.61
KXBTC15M-26SEP230230-30,2026-09-23T06:30:00Z,86598.61,no,86436.30
KXBTC15M-26SEP230245-45,2026-09-23T06:45:00Z,86436.3,yes,86553.08
KXBTC15M-26SEP230300-00,2026-09-23T07:00:00Z,86553.08,no,86477.69
KXBTC15M-26SEP230315-15,2026-09-23T07:15:00Z,86477.69,no,86360.37
KXBTC15M-26SEP230330-30,2026-09-23T07:30:00Z,86360.37,yes,86387.64
KXBTC15M-26SEP230345-45,2026-09-23T07:45:00Z,86387.64,no,86085.81
KXBTC15M-26SEP230400-00,2026-09-23T08:00:00Z,86085.81,yes,86132.91
KXBTC15M-26SEP230415-15,2026-09-23T08:15:00Z,86132.91,yes,86160.18
KXBTC15M-26SEP230430-30,2026-09-23T08:30:00Z,86160.18,no,86152.73
KXBTC15M-26SEP230445-45,2026-09-23T08:45:00Z,86152.73,no,86093.07
KXBTC15M-26SEP230500-00,2026-09-23T09:00:00Z,86093.07,no,85890.34
KXBTC15M-26SEP230515-15,2026-09-23T09:15:00Z,85890.34,yes,85939.87
KXBTC15M-26SEP230530-30,2026-09-23T09:30:00Z,85939.87,no,85883.15
KXBTC15M-26SEP230545-45,2026-09-23T09:45:00Z,85883.15,no,85796.47
KXBTC15M-26SEP230600-00,2026-09-23T10:00:00Z,85796.47,yes,85836.89
KXBTC15M-26SEP230615-15,2026-09-23T10:15:00Z,85836.89,no,85833.66
KXBTC15M-26SEP230630-30,2026-09-23T10:30:00Z,85833.66,no,85772.68
KXBTC15M-26SEP230645-45,2026-09-23T10:45:00Z,85772.68,yes,85860.26
KXBTC15M-26SEP230700-00,2026-09-23T11:00:00Z,85860.26,yes,85902.52
KXBTC15M-26SEP230715-15,2026-09-23T11:15:00Z,85902.52,no,85739.60
KXBTC15M-26SEP230730-30,2026-09-23T11:30:00Z,85739.6,no,85492.25
KXBTC15M-26SEP230745-45,2026-09-23T11:45:00Z,85492.25,no,85486.96
KXBTC15M-26SEP230800-00,2026-09-23T12:00:00Z,85486.96,yes,85641.64
KXBTC15M-26SEP230815-15,2026-09-23T12:15:00Z,85641.64,no,85462.47
KXBTC15M-26SEP230830-30,2026-09-23T12:30:00Z,85462.47,no,85457.37
KXBTC15M-26SEP230845-45,2026-09-23T12:45:00Z,85457.37,no,85451.95
KXBTC15M-26SEP230900-00,2026-09-23T13:00:00Z,85451.95,yes,85473.00
KXBTC15M-26SEP230915-15,2026-09-23T13:15:00Z,85473,no,85343.71
KXBTC15M-26SEP230930-30,2026-09-23T13:30:00Z,85343.71,yes,85532.10
KXBTC15M-26SEP230945-45,2026-09-23T13:45:00Z,85532.1,yes,85829.10
KXBTC15M-26SEP231000-00,2026-09-23T14:00:00Z,85829.1,no,85773.17
KXBTC15M-26SEP231015-15,2026-09-23T14:15:00Z,85773.17,no,84830.29
KXBTC15M-26SEP231030-30,2026-09-23T14:30:00Z,84830.29,no,84036.84
KXBTC15M-26SEP231045-45,2026-09-23T14:45:00Z,84036.84,yes,84332.26
KXBTC15M-26SEP231100-00,2026-09-23T15:00:00Z,84332.26,yes,84507.03
KXBTC15M-26SEP231115-15,2026-09-23T15:15:00Z,84507.03,yes,84645.21
KXBTC15M-26SEP231130-30,2026-09-23T15:30:00Z,84645.21,no,84523.09
KXBTC15M-26SEP231145-45,2026-09-23T15:45:00Z,84523.09,no,84309.98
KXBTC15M-26SEP231200-00,2026-09-23T16:00:00Z,84309.98,no,84005.77
KXBTC15M-26SEP231215-15,2026-09-23T16:15:00Z,84005.77,yes,84321.36
KXBTC15M-26SEP231230-30,2026-09-23T16:30:00Z,84321.36,no,84200.60
KXBTC15M-26SEP231245-45,2026-09-23T16:45:00Z,84200.6,no,84095.35
KXBTC15M-26SEP231300-00,2026-09-23T17:00:00Z,84095.35,no,84017.64
KXBTC15M-26SEP231315-15,2026-09-23T17:15:00Z,84017.64,no,83771.23
KXBTC15M-26SEP231330-30,2026-09-23T17:30:00Z,83771.23,yes,84055.80
KXBTC15M-26SEP231400-00,2026-09-23T18:00:00Z,84226.51,yes,84315.32
KXBTC15M-26SEP231415-15,2026-09-23T18:15:00Z,84315.32,no,84213.56
KXBTC15M-26SEP231430-30,2026-09-23T18:30:00Z,84213.56,no,84161.61
KXBTC15M-26SEP231445-45,2026-09-23T18:45:00Z,84161.61,yes,84208.40
KXBTC15M-26SEP231500-00,2026-09-23T19:00:00Z,84208.4,yes,84333.88
KXBTC15M-26SEP231515-15,2026-09-23T19:15:00Z,84333.88,yes,84361.36
KXBTC15M-26SEP231530-30,2026-09-23T19:30:00Z,84361.36,yes,84401.48
KXBTC15M-26SEP231545-45,2026-09-23T19:45:00Z,84401.48,yes,84448.59
KXBTC15M-26SEP231600-00,2026-09-23T20:00:00Z,84448.59,yes,84476.40
KXBTC15M-26SEP231615-15,2026-09-23T20:15:00Z,84476.4,no,84372.17
KXBTC15M-26SEP231630-30,2026-09-23T20:30:00Z,84372.17,no,84284.28
KXBTC15M-26SEP231645-45,2026-09-23T20:45:00Z,84284.28,yes,84393.67
KXBTC15M-26SEP231700-00,2026-09-23T21:00:00Z,84393.67,no,84224.07
KXBTC15M-26SEP231715-15,2026-09-23T21:15:00Z,84224.07,yes,84362.95
KXBTC15M-26SEP231730-30,2026-09-23T21:30:00Z,84362.95,yes,84406.62
KXBTC15M-26SEP231745-45,2026-09-23T21:45:00Z,84406.62,yes,84481.84
KXBTC15M-26SEP231800-00,2026-09-23T22:00:00Z,84481.84,no,84415.13
KXBTC15M-26SEP231815-15,2026-09-23T22:15:00Z,84415.13,yes,84591.12
KXBTC15M-26SEP231830-30,2026-09-23T22:30:00Z,84591.12,no,84484.97
KXBTC15M-26SEP231845-45,2026-09-23T22:45:00Z,84484.97,yes,84490.27
KXBTC15M-26SEP231900-00,2026-09-23T23:00:00Z,84490.27,yes,84553.11
KXBTC15M-26SEP231915-15,2026-09-23T23:15:00Z,84553.11,no,84493.95
KXBTC15M-26SEP231930-30,2026-09-23T23:30:00Z,84493.95,no,84471.09
KXBTC15M-26SEP231945-45,2026-09-23T23:45:00Z,84471.09,no,84450.73
KXBTC15M-26SEP232000-00,2026-09-24T00:00:00Z,84450.73,no,84380.99
KXBTC15M-26SEP232015-15,2026-09-24T00:15:00Z,84380.99,no,84345.33
KXBTC15M-26SEP232030-30,2026-09-24T00:30:00Z,84345.33,no,84341.96
KXBTC15M-26SEP232045-45,2026-09-24T00:45:00Z,84341.96,yes,84342.32
KXBTC15M-26SEP232100-00,2026-09-24T01:00:00Z,84342.32,no,84310.98
KXBTC15M-26SEP232115-15,2026-09-24T01:15:00Z,84310.98,no,84266.56
KXBTC15M-26SEP232130-30,2026-09-24T01:30:00Z,84266.56,no,84263.40
KXBTC15M-26SEP232145-45,2026-09-24T01:45:00Z,84263.4,no,84156.90
KXBTC15M-26SEP240045-45,2026-09-24T04:45:00Z,83904.29,no,83861.37
KXBTC15M-26SEP240100-00,2026-09-24T05:00:00Z,83861.37,yes,84020.67
KXBTC15M-26SEP240115-15,2026-09-24T05:15:00Z,84020.67,yes,84194.90
KXBTC15M-26SEP240130-30,2026-09-24T05:30:00Z,84194.9,no,84173.45
KXBTC15M-26SEP240145-45,2026-09-24T05:45:00Z,84173.45,yes,84191.53
KXBTC15M-26SEP240200-00,2026-09-24T06:00:00Z,84191.53,no,83994.31
KXBTC15M-26SEP240215-15,2026-09-24T06:15:00Z,83994.31,yes,84119.17
KXBTC15M-26SEP240230-30,2026-09-24T06:30:00Z,84119.17,yes,84171.06
KXBTC15M-26SEP240245-45,2026-09-24T06:45:00Z,84171.06,yes,84179.19
KXBTC15M-26SEP240300-00,2026-09-24T07:00:00Z,84179.19,no,84109.07
KXBTC15M-26SEP240515-15,2026-09-24T09:15:00Z,83599.88,no,83471.49
KXBTC15M-26SEP240530-30,2026-09-24T09:30:00Z,83471.49,no,83331.38
KXBTC15M-26SEP240545-45,2026-09-24T09:45:00Z,83331.38,no,83125.85
KXBTC15M-26SEP240600-00,2026-09-24T10:00:00Z,83125.85,yes,83234.03
KXBTC15M-26SEP240615-15,2026-09-24T10:15:00Z,83234.03,no,83214.38
KXBTC15M-26SEP240630-30,2026-09-24T10:30:00Z,83214.38,yes,83232.53
KXBTC15M-26SEP240645-45,2026-09-24T10:45:00Z,83232.53,yes,83380.22
KXBTC15M-26SEP240700-00,2026-09-24T11:00:00Z,83380.22,yes,83490.45
KXBTC15M-26SEP240715-15,2026-09-24T11:15:00Z,83490.45,yes,83547.02
KXBTC15M-26SEP240730-30,2026-09-24T11:30:00Z,83547.02,no,83515.11
KXBTC15M-26SEP240745-45,2026-09-24T11:45:00Z,83515.11,no,83427.33
KXBTC15M-26SEP240800-00,2026-09-24T12:00:00Z,83427.33,yes,83491.93
KXBTC15M-26SEP240815-15,2026-09-24T12:15:00Z,83491.93,yes,83508.63
KXBTC15M-26SEP240830-30,2026-09-24T12:30:00Z,83508.63,yes,83525.70
KXBTC15M-26SEP240845-45,2026-09-24T12:45:00Z,83525.7,no,83456.74
KXBTC15M-26SEP240900-00,2026-09-24T13:00:00Z,83456.74,yes,83597.51
KXBTC15M-26SEP240915-15,2026-09-24T13:15:00Z,83597.51,yes,83731.52
KXBTC15M-26SEP240930-30,2026-09-24T13:30:00Z,83731.52,yes,83766.14
KXBTC15M-26SEP240945-45,2026-09-24T13:45:00Z,83766.14,yes,83940.75
KXBTC15M-26SEP241000-00,2026-09-24T14:00:00Z,83940.75,yes,84218.66
KXBTC15M-26SEP241015-15,2026-09-24T14:15:00Z,84218.66,yes,84230.59
KXBTC15M-26SEP241030-30,2026-09-24T14:30:00Z,84230.59,yes,84855.42
KXBTC15M-26SEP241045-45,2026-09-24T14:45:00Z,84855.42,no,84401.51
KXBTC15M-26SEP241100-00,2026-09-24T15:00:00Z,84401.51,no,83600.41
KXBTC15M-26SEP241115-15,2026-09-24T15:15:00Z,83600.41,yes,83854.03
KXBTC15M-26SEP241130-30,2026-09-24T15:30:00Z,83854.03,yes,84086.82
KXBTC15M-26SEP241145-45,2026-09-24T15:45:00Z,84086.82,yes,84358.74
KXBTC15M-26SEP241200-00,2026-09-24T16:00:00Z,84358.74,yes,84395.81
KXBTC15M-26SEP241215-15,2026-09-24T16:15:00Z,84395.81,no,84132.49
KXBTC15M-26SEP241230-30,2026-09-24T16:30:00Z,84132.49,yes,84697.09
KXBTC15M-26SEP241245-45,2026-09-24T16:45:00Z,84697.09,no,84606.17
KXBTC15M-26SEP241300-00,2026-09-24T17:00:00Z,84606.17,no,84496.53
KXBTC15M-26SEP241315-15,2026-09-24T17:15:00Z,84496.53,no,84444.24
KXBTC15M-26SEP241330-30,2026-09-24T17:30:00Z,84444.24,no,84308.55
KXBTC15M-26SEP241345-45,2026-09-24T17:45:00Z,84308.55,no,84134.34
KXBTC15M-26SEP241400-00,2026-09-24T18:00:00Z,84134.34,no,84074.78
KXBTC15M-26SEP241415-15,2026-09-24T18:15:00Z,84074.78,yes,84204.35
KXBTC15M-26SEP241430-30,2026-09-24T18:30:00Z,84204.35,yes,84417.60
KXBTC15M-26SEP241445-45,2026-09-24T18:45:00Z,84417.6,no,84395.31
KXBTC15M-26SEP241500-00,2026-09-24T19:00:00Z,84395.31,yes,84465.57
KXBTC15M-26SEP241515-15,2026-09-24T19:15:00Z,84465.57,yes,84583.69
KXBTC15M-26SEP241530-30,2026-09-24T19:30:00Z,84583.69,yes,84615.76
KXBTC15M-26SEP241545-45,2026-09-24T19:45:00Z,84615.76,no,84439.63
KXBTC15M-26SEP241600-00,2026-09-24T20:00:00Z,84439.63,no,84372.51
KXBTC15M-26SEP241615-15,2026-09-24T20:15:00Z,84372.51,no,84286.75
KXBTC15M-26SEP241630-30,2026-09-24T20:30:00Z,84286.75,no,84251.87
KXBTC15M-26SEP241645-45,2026-09-24T20:45:00Z,84251.87,yes,84386.84
KXBTC15M-26SEP241700-00,2026-09-24T21:00:00Z,84386.84,no,84351.59
KXBTC15M-26SEP241715-15,2026-09-24T21:15:00Z,84351.59,no,84334.81
KXBTC15M-26SEP241730-30,2026-09-24T21:30:00Z,84334.81,yes,84411.33
KXBTC15M-26SEP241745-45,2026-09-24T21:45:00Z,84411.33,yes,84457.78
KXBTC15M-26SEP241800-00,2026-09-24T22:00:00Z,84457.78,no,84331.82
KXBTC15M-26SEP241815-15,2026-09-24T22:15:00Z,84331.82,no,84319.53
KXBTC15M-26SEP241830-30,2026-09-24T22:30:00Z,84319.53,no,84122.85
KXBTC15M-26SEP241845-45,2026-09-24T22:45:00Z,84122.85,no,84109.35
KXBTC15M-26SEP241900-00,2026-09-24T23:00:00Z,84109.35,yes,84244.82
KXBTC15M-26SEP241915-15,2026-09-24T23:15:00Z,84244.82,yes,84278.84
KXBTC15M-26SEP241930-30,2026-09-24T23:30:00Z,84278.84,yes,84405.96
KXBTC15M-26SEP241945-45,2026-09-24T23:45:00Z,84405.96,no,84391.10
KXBTC15M-26SEP242000-00,2026-09-25T00:00:00Z,84391.1,no,84379.39
KXBTC15M-26SEP242015-15,2026-09-25T00:15:00Z,84379.39,yes,84630.33
KXBTC15M-26SEP242030-30,2026-09-25T00:30:00Z,84630.33,yes,84639.58
KXBTC15M-26SEP242045-45,2026-09-25T00:45:00Z,84639.58,no,84589.34
KXBTC15M-26SEP242100-00,2026-09-25T01:00:00Z,84589.34,no,84558.38
KXBTC15M-26SEP242115-15,2026-09-25T01:15:00Z,84558.38,yes,84708.99
KXBTC15M-26SEP242130-30,2026-09-25T01:30:00Z,84708.99,no,84507.42
KXBTC15M-26SEP242145-45,2026-09-25T01:45:00Z,84507.42,no,84473.36
KXBTC15M-26SEP242200-00,2026-09-25T02:00:00Z,84473.36,yes,84567.71
KXBTC15M-26SEP242215-15,2026-09-25T02:15:00Z,84567.71,yes,84813.92
KXBTC15M-26SEP242230-30,2026-09-25T02:30:00Z,84813.92,no,84654.22
KXBTC15M-26SEP242245-45,2026-09-25T02:45:00Z,84654.22,no,84475.73
KXBTC15M-26SEP242300-00,2026-09-25T03:00:00Z,84475.73,no,84194.85
KXBTC15M-26SEP242315-15,2026-09-25T03:15:00Z,84194.85,yes,84226.54
KXBTC15M-26SEP242330-30,2026-09-25T03:30:00Z,84226.54,no,84142.15
KXBTC15M-26SEP242345-45,2026-09-25T03:45:00Z,84142.15,yes,84218.05
KXBTC15M-26SEP250000-00,2026-09-25T04:00:00Z,84218.05,no,84211.53
KXBTC15M-26SEP250015-15,2026-09-25T04:15:00Z,84211.53,no,84089.41
KXBTC15M-26SEP250030-30,2026-09-25T04:30:00Z,84089.41,yes,84109.91
KXBTC15M-26SEP250045-45,2026-09-25T04:45:00Z,84109.91,yes,84266.72
KXBTC15M-26SEP250100-00,2026-09-25T05:00:00Z,84266.72,no,84197.14
KXBTC15M-26SEP250115-15,2026-09-25T05:15:00Z,84197.14,no,84182.75
KXBTC15M-26SEP250130-30,2026-09-25T05:30:00Z,84182.75,no,84166.12
KXBTC15M-26SEP250145-45,2026-09-25T05:45:00Z,84166.12,yes,84249.88
KXBTC15M-26SEP250200-00,2026-09-25T06:00:00Z,84249.88,no,84192.19
KXBTC15M-26SEP250215-15,2026-09-25T06:15:00Z,84192.19,no,84048.16
KXBTC15M-26SEP250230-30,2026-09-25T06:30:00Z,84048.16,yes,84102.63
KXBTC15M-26SEP250245-45,2026-09-25T06:45:00Z,84102.63,no,84014.10
KXBTC15M-26SEP250300-00,2026-09-25T07:00:00Z,84014.1,yes,84029.91
KXBTC15M-26SEP250315-15,2026-09-25T07:15:00Z,84029.91,no,83815.07
KXBTC15M-26SEP250330-30,2026-09-25T07:30:00Z,83815.07,yes,84036.19
KXBTC15M-26SEP250345-45,2026-09-25T07:45:00Z,84036.19,no,83893.20
KXBTC15M-26SEP250400-00,2026-09-25T08:00:00Z,83893.2,yes,84052.01
KXBTC15M-26SEP250415-15,2026-09-25T08:15:00Z,84052.01,yes,84119.61
KXBTC15M-26SEP250430-30,2026-09-25T08:30:00Z,84119.61,yes,84435.95
KXBTC15M-26SEP250445-45,2026-09-25T08:45:00Z,84435.95,no,84317.79
KXBTC15M-26SEP250500-00,2026-09-25T09:00:00Z,84317.79,yes,84402.43
KXBTC15M-26SEP250515-15,2026-09-25T09:15:00Z,84402.43,yes,84603.51
KXBTC15M-26SEP250530-30,2026-09-25T09:30:00Z,84603.51,yes,84806.82
KXBTC15M-26SEP250545-45,2026-09-25T09:45:00Z,84806.82,no,84629.23
KXBTC15M-26SEP250600-00,2026-09-25T10:00:00Z,84629.23,no,84583.18
KXBTC15M-26SEP250615-15,2026-09-25T10:15:00Z,84583.18,no,84484.73
KXBTC15M-26SEP250630-30,2026-09-25T10:30:00Z,84484.73,yes,84711.66
KXBTC15M-26SEP250645-45,2026-09-25T10:45:00Z,84711.66,yes,84767.14
KXBTC15M-26SEP250830-30,2026-09-25T12:30:00Z,84329.55,yes,84377.89
KXBTC15M-26SEP250845-45,2026-09-25T12:45:00Z,84377.89,yes,84431.50
KXBTC15M-26SEP250900-00,2026-09-25T13:00:00Z,84431.5,yes,84474.26
KXBTC15M-26SEP250915-15,2026-09-25T13:15:00Z,84474.26,no,84426.42
KXBTC15M-26SEP250930-30,2026-09-25T13:30:00Z,84426.42,no,84130.18
KXBTC15M-26SEP250945-45,2026-09-25T13:45:00Z,84130.18,no,83884.91
KXBTC15M-26SEP251000-00,2026-09-25T14:00:00Z,83884.91,yes,83912.84
KXBTC15M-26SEP251015-15,2026-09-25T14:15:00Z,83912.84,no,83547.01
KXBTC15M-26SEP251030-30,2026-09-25T14:30:00Z,83547.01,yes,83661.01
KXBTC15M-26SEP251045-45,2026-09-25T14:45:00Z,83661.01,yes,83686.24
KXBTC15M-26SEP251100-00,2026-09-25T15:00:00Z,83686.24,yes,83997.68
KXBTC15M-26SEP251115-15,2026-09-25T15:15:00Z,83997.68,no,83959.84
KXBTC15M-26SEP251130-30,2026-09-25T15:30:00Z,83959.84,no,83745.68
KXBTC15M-26SEP251145-45,2026-09-25T15:45:00Z,83745.68,no,83468.66
KXBTC15M-26SEP251200-00,2026-09-25T16:00:00Z,83468.66,yes,83753.38
KXBTC15M-26SEP251215-15,2026-09-25T16:15:00Z,83753.38,yes,83967.51
KXBTC15M-26SEP251230-30,2026-09-25T16:30:00Z,83967.51,yes,83972.53
KXBTC15M-26SEP251245-45,2026-09-25T16:45:00Z,83972.53,no,83928.15
KXBTC15M-26SEP251300-00,2026-09-25T17:00:00Z,83928.15,no,83730.65
KXBTC15M-26SEP251315-15,2026-09-25T17:15:00Z,83730.65,yes,83936.51
KXBTC15M-26SEP251330-30,2026-09-25T17:30:00Z,83936.51,no,83697.45
KXBTC15M-26SEP251345-45,2026-09-25T17:45:00Z,83697.45,yes,83802.22
KXBTC15M-26SEP251400-00,2026-09-25T18:00:00Z,83802.22,no,83768.00
KXBTC15M-26SEP251415-15,2026-09-25T18:15:00Z,83768,yes,83986.50
KXBTC15M-26SEP251430-30,2026-09-25T18:30:00Z,83986.5,no,83939.73
KXBTC15M-26SEP251445-45,2026-09-25T18:45:00Z,83939.73,yes,83955.99
KXBTC15M-26SEP251500-00,2026-09-25T19:00:00Z,83955.99,no,83950.62
KXBTC15M-26SEP251515-15,2026-09-25T19:15:00Z,83950.62,yes,84031.05
KXBTC15M-26SEP251530-30,2026-09-25T19:30:00Z,84031.05,no,83986.92
KXBTC15M-26SEP251545-45,2026-09-25T19:45:00Z,83986.92,no,83970.57
KXBTC15M-26SEP251600-00,2026-09-25T20:00:00Z,83970.57,yes,84028.57
KXBTC15M-26SEP251615-15,2026-09-25T20:15:00Z,84028.57,no,83963.17
KXBTC15M-26SEP251630-30,2026-09-25T20:30:00Z,83963.17,yes,84053.39
KXBTC15M-26SEP251645-45,2026-09-25T20:45:00Z,84053.39,yes,84104.45
KXBTC15M-26SEP251700-00,2026-09-25T21:00:00Z,84104.45,no,83880.37
KXBTC15M-26SEP251715-15,2026-09-25T21:15:00Z,83880.37,no,83705.19
KXBTC15M-26SEP251830-30,2026-09-25T22:30:00Z,83922,no,83898.72
KXBTC15M-26SEP251900-00,2026-09-25T23:00:00Z,84067.39,yes,84068.24
KXBTC15M-26SEP251915-15,2026-09-25T23:15:00Z,84068.24,no,84062.88
KXBTC15M-26SEP251930-30,2026-09-25T23:30:00Z,84062.88,yes,84076.95
KXBTC15M-26SEP251945-45,2026-09-25T23:45:00Z,84076.95,no,84066.84
KXBTC15M-26SEP252000-00,2026-09-26T00:00:00Z,84066.84,yes,84091.04
KXBTC15M-26SEP252015-15,2026-09-26T00:15:00Z,84091.04,no,84077.82
KXBTC15M-26SEP252030-30,2026-09-26T00:30:00Z,84077.82,no,83937.53
KXBTC15M-26SEP252045-45,2026-09-26T00:45:00Z,83937.53,no,83889.72
KXBTC15M-26SEP252100-00,2026-09-26T01:00:00Z,83889.72,no,83885.10
KXBTC15M-26SEP252115-15,2026-09-26T01:15:00Z,83885.1,yes,83925.95
KXBTC15M-26SEP252130-30,2026-09-26T01:30:00Z,83925.95,yes,83939.70
KXBTC15M-26SEP252145-45,2026-09-26T01:45:00Z,83939.7,yes,84034.01
KXBTC15M-26SEP252200-00,2026-09-26T02:00:00Z,84034.01,yes,84065.39
KXBTC15M-26SEP252215-15,2026-09-26T02:15:00Z,84065.39,yes,84097.55
KXBTC15M-26SEP252230-30,2026-09-26T02:30:00Z,84097.55,no,84025.97
KXBTC15M-26SEP252245-45,2026-09-26T02:45:00Z,84025.97,no,84021.54
KXBTC15M-26SEP252300-00,2026-09-26T03:00:00Z,84021.54,no,84008.94
KXBTC15M-26SEP252315-15,2026-09-26T03:15:00Z,84008.94,no,83920.25
KXBTC15M-26SEP252330-30,2026-09-26T03:30:00Z,83920.25,yes,84017.38
KXBTC15M-26SEP252345-45,2026-09-26T03:45:00Z,84017.38,no,83953.14
KXBTC15M-26SEP260000-00,2026-09-26T04:00:00Z,83953.14,no,83934.82
KXBTC15M-26SEP260015-15,2026-09-26T04:15:00Z,83934.82,yes,83980.55
KXBTC15M-26SEP260030-30,2026-09-26T04:30:00Z,83980.55,no,83892.50
KXBTC15M-26SEP260045-45,2026-09-26T04:45:00Z,83892.5,yes,83964.68
KXBTC15M-26SEP260100-00,2026-09-26T05:00:00Z,83964.68,yes,83972.06
KXBTC15M-26SEP260115-15,2026-09-26T05:15:00Z,83972.06,no,83959.30
KXBTC15M-26SEP260130-30,2026-09-26T05:30:00Z,83959.3,no,83920.08
KXBTC15M-26SEP260145-45,2026-09-26T05:45:00Z,83920.08,yes,83945.29
KXBTC15M-26SEP260200-00,2026-09-26T06:00:00Z,83945.29,no,83915.31
KXBTC15M-26SEP260215-15,2026-09-26T06:15:00Z,83915.31,no,83895.29
KXBTC15M-26SEP260230-30,2026-09-26T06:30:00Z,83895.29,yes,83927.82
KXBTC15M-26SEP260245-45,2026-09-26T06:45:00Z,83927.82,no,83906.92
KXBTC15M-26SEP260300-00,2026-09-26T07:00:00Z,83906.92,no,83888.15
KXBTC15M-26SEP260315-15,2026-09-26T07:15:00Z,83888.15,yes,83994.30
KXBTC15M-26SEP260330-30,2026-09-26T07:30:00Z,83994.3,yes,83997.61
KXBTC15M-26SEP260345-45,2026-09-26T07:45:00Z,83997.61,yes,84022.19
KXBTC15M-26SEP260400-00,2026-09-26T08:00:00Z,84022.19,yes,84100.46
KXBTC15M-26SEP260415-15,2026-09-26T08:15:00Z,84100.46,no,84046.27
KXBTC15M-26SEP260430-30,2026-09-26T08:30:00Z,84046.27,yes,84086.05
KXBTC15M-26SEP260445-45,2026-09-26T08:45:00Z,84086.05,yes,84278.34
KXBTC15M-26SEP260500-00,2026-09-26T09:00:00Z,84278.34,no,84200.93
KXBTC15M-26SEP260515-15,2026-09-26T09:15:00Z,84200.93,no,83995.58
KXBTC15M-26SEP260530-30,2026-09-26T09:30:00Z,83995.58,yes,84009.42
KXBTC15M-26SEP260545-45,2026-09-26T09:45:00Z,84009.42,no,84001.25
KXBTC15M-26SEP260600-00,2026-09-26T10:00:00Z,84001.25,no,83996.59
KXBTC15M-26SEP260615-15,2026-09-26T10:15:00Z,83996.59,yes,84104.46
KXBTC15M-26SEP260630-30,2026-09-26T10:30:00Z,84104.46,yes,84132.38
KXBTC15M-26SEP260645-45,2026-09-26T10:45:00Z,84132.38,yes,84139.20
KXBTC15M-26SEP260700-00,2026-09-26T11:00:00Z,84139.2,yes,84166.78
KXBTC15M-26SEP260715-15,2026-09-26T11:15:00Z,84166.78,yes,84167.40
KXBTC15M-26SEP260730-30,2026-09-26T11:30:00Z,84167.4,no,84151.82
KXBTC15M-26SEP260745-45,2026-09-26T11:45:00Z,84151.82,yes,84163.19
KXBTC15M-26SEP260800-00,2026-09-26T12:00:00Z,84163.19,yes,84166.95
KXBTC15M-26SEP260815-15,2026-09-26T12:15:00Z,84166.95,no,84127.65
KXBTC15M-26SEP260830-30,2026-09-26T12:30:00Z,84127.65,no,84092.00
KXBTC15M-26SEP260845-45,2026-09-26T12:45:00Z,84092,no,84045.45
KXBTC15M-26SEP260900-00,2026-09-26T13:00:00Z,84045.45,yes,84054.58
KXBTC15M-26SEP260915-15,2026-09-26T13:15:00Z,84054.58,no,83998.08
KXBTC15M-26SEP260930-30,2026-09-26T13:30:00Z,83998.08,no,83889.87
KXBTC15M-26SEP260945-45,2026-09-26T13:45:00Z,83889.87,yes,83909.34
KXBTC15M-26SEP261000-00,2026-09-26T14:00:00Z,83909.34,yes,83933.37
KXBTC15M-26SEP261015-15,2026-09-26T14:15:00Z,83933.37,yes,83938.13
KXBTC15M-26SEP261030-30,2026-09-26T14:30:00Z,83938.13,yes,83963.76
KXBTC15M-26SEP261045-45,2026-09-26T14:45:00Z,83963.76,yes,84007.65
KXBTC15M-26SEP261100-00,2026-09-26T15:00:00Z,84007.65,yes,84014.24
KXBTC15M-26SEP261115-15,2026-09-26T15:15:00Z,84014.24,yes,84015.87
KXBTC15M-26SEP261130-30,2026-09-26T15:30:00Z,84015.87,yes,84045.99
KXBTC15M-26SEP261145-45,2026-09-26T15:45:00Z,84045.99,yes,84107.22
KXBTC15M-26SEP261200-00,2026-09-26T16:00:00Z,84107.22,yes,84143.81
KXBTC15M-26SEP261215-15,2026-09-26T16:15:00Z,84143.81,no,84118.48
KXBTC15M-26SEP261230-30,2026-09-26T16:30:00Z,84118.48,no,84104.04
KXBTC15M-26SEP261245-45,2026-09-26T16:45:00Z,84104.04,yes,84140.86
KXBTC15M-26SEP261300-00,2026-09-26T17:00:00Z,84140.86,no,84103.03
KXBTC15M-26SEP261315-15,2026-09-26T17:15:00Z,84103.03,no,84077.04
KXBTC15M-26SEP261330-30,2026-09-26T17:30:00Z,84077.04,no,84053.37
KXBTC15M-26SEP261345-45,2026-09-26T17:45:00Z,84053.37,yes,84090.60
KXBTC15M-26SEP261400-00,2026-09-26T18:00:00Z,84090.6,yes,84124.44
KXBTC15M-26SEP261415-15,2026-09-26T18:15:00Z,84124.44,no,84095.83
KXBTC15M-26SEP261430-30,2026-09-26T18:30:00Z,84095.83,no,84058.51
KXBTC15M-26SEP261445-45,2026-09-26T18:45:00Z,84058.51,no,84011.01
KXBTC15M-26SEP261500-00,2026-09-26T19:00:00Z,84011.01,no,83995.43
KXBTC15M-26SEP261515-15,2026-09-26T19:15:00Z,83995.43,yes,84020.08
KXBTC15M-26SEP261530-30,2026-09-26T19:30:00Z,84020.08,yes,84025.56
KXBTC15M-26SEP261545-45,2026-09-26T19:45:00Z,84025.56,no,84000.98
KXBTC15M-26SEP261600-00,2026-09-26T20:00:00Z,84000.98,yes,84005.27
KXBTC15M-26SEP261615-15,2026-09-26T20:15:00Z,84005.27,no,84001.57
KXBTC15M-26SEP261630-30,2026-09-26T20:30:00Z,84001.57,yes,84071.77
KXBTC15M-26SEP261645-45,2026-09-26T20:45:00Z,84071.77,no,83872.97
KXBTC15M-26SEP261700-00,2026-09-26T21:00:00Z,83872.97,yes,84015.80
KXBTC15M-26SEP261715-15,2026-09-26T21:15:00Z,84015.8,yes,84104.65
KXBTC15M-26SEP261730-30,2026-09-26T21:30:00Z,84104.65,yes,84164.21
KXBTC15M-26SEP261745-45,2026-09-26T21:45:00Z,84164.21,no,84150.76
KXBTC15M-26SEP261800-00,2026-09-26T22:00:00Z,84150.76,no,84141.16
KXBTC15M-26SEP261815-15,2026-09-26T22:15:00Z,84141.16,yes,84316.43
KXBTC15M-26SEP261830-30,2026-09-26T22:30:00Z,84316.43,yes,84336.47
KXBTC15M-26SEP261845-45,2026-09-26T22:45:00Z,84336.47,no,84275.12
KXBTC15M-26SEP261900-00,2026-09-26T23:00:00Z,84275.12,no,84264.76
KXBTC15M-26SEP261915-15,2026-09-26T23:15:00Z,84264.76,yes,84342.09
KXBTC15M-26SEP261930-30,2026-09-26T23:30:00Z,84342.09,yes,84353.52
KXBTC15M-26SEP261945-45,2026-09-26T23:45:00Z,84353.52,no,84343.80
KXBTC15M-26SEP262000-00,2026-09-27T00:00:00Z,84343.8,yes,84426.95
KXBTC15M-26SEP262015-15,2026-09-27T00:15:00Z,84426.95,no,84315.40
KXBTC15M-26SEP262030-30,2026-09-27T00:30:00Z,84315.4,no,84252.51
KXBTC15M-26SEP262045-45,2026-09-27T00:45:00Z,84252.51,yes,84329.21
KXBTC15M-26SEP262100-00,2026-09-27T01:00:00Z,84329.21,no,84294.42
KXBTC15M-26SEP262115-15,2026-09-27T01:15:00Z,84294.42,yes,84367.61
KXBTC15M-26SEP262130-30,2026-09-27T01:30:00Z,84367.61,no,84322.10
KXBTC15M-26SEP262145-45,2026-09-27T01:45:00Z,84322.1,yes,84385.84
KXBTC15M-26SEP262200-00,2026-09-27T02:00:00Z,84385.84,yes,84472.63
KXBTC15M-26SEP262215-15,2026-09-27T02:15:00Z,84472.63,no,84468.35
KXBTC15M-26SEP262230-30,2026-09-27T02:30:00Z,84468.35,yes,84490.91
KXBTC15M-26SEP262245-45,2026-09-27T02:45:00Z,84490.91,no,84464.30
KXBTC15M-26SEP262300-00,2026-09-27T03:00:00Z,84464.3,no,84442.04
KXBTC15M-26SEP262315-15,2026-09-27T03:15:00Z,84442.04,yes,84465.61
KXBTC15M-26SEP262330-30,2026-09-27T03:30:00Z,84465.61,no,84375.52
KXBTC15M-26SEP262345-45,2026-09-27T03:45:00Z,84375.52,yes,84389.59
KXBTC15M-26SEP270000-00,2026-09-27T04:00:00Z,84389.59,no,84386.45
KXBTC15M-26SEP270015-15,2026-09-27T04:15:00Z,84386.45,yes,84469.22
KXBTC15M-26SEP270030-30,2026-09-27T04:30:00Z,84469.22,no,84416.48
KXBTC15M-26SEP270045-45,2026-09-27T04:45:00Z,84416.48,no,84294.83
KXBTC15M-26SEP270100-00,2026-09-27T05:00:00Z,84294.83,yes,84317.38
KXBTC15M-26SEP270115-15,2026-09-27T05:15:00Z,84317.38,yes,84365.77
KXBTC15M-26SEP270130-30,2026-09-27T05:30:00Z,84365.77,yes,84377.04
KXBTC15M-26SEP270145-45,2026-09-27T05:45:00Z,84377.04,yes,84521.33
KXBTC15M-26SEP270200-00,2026-09-27T06:00:00Z,84521.33,no,84477.79
KXBTC15M-26SEP270215-15,2026-09-27T06:15:00Z,84477.79,yes,84579.60
KXBTC15M-26SEP270230-30,2026-09-27T06:30:00Z,84579.6,yes,84588.14
KXBTC15M-26SEP270245-45,2026-09-27T06:45:00Z,84588.14,no,84502.01
KXBTC15M-26SEP270300-00,2026-09-27T07:00:00Z,84502.01,yes,84508.51
KXBTC15M-26SEP270315-15,2026-09-27T07:15:00Z,84508.51,yes,84508.71
KXBTC15M-26SEP270330-30,2026-09-27T07:30:00Z,84508.71,yes,84514.78
KXBTC15M-26SEP270345-45,2026-09-27T07:45:00Z,84514.78,yes,84607.61
KXBTC15M-26SEP270400-00,2026-09-27T08:00:00Z,84607.61,yes,84761.85
KXBTC15M-26SEP270415-15,2026-09-27T08:15:00Z,84761.85,yes,84794.70
KXBTC15M-26SEP270430-30,2026-09-27T08:30:00Z,84794.7,yes,84796.13
KXBTC15M-26SEP270445-45,2026-09-27T08:45:00Z,84796.13,no,84706.93
KXBTC15M-26SEP270500-00,2026-09-27T09:00:00Z,84706.93,yes,84786.64
KXBTC15M-26SEP270515-15,2026-09-27T09:15:00Z,84786.64,no,84659.72
KXBTC15M-26SEP270530-30,2026-09-27T09:30:00Z,84659.72,yes,84691.13
KXBTC15M-26SEP270545-45,2026-09-27T09:45:00Z,84691.13,yes,84774.09
KXBTC15M-26SEP270600-00,2026-09-27T10:00:00Z,84774.09,yes,84915.84
KXBTC15M-26SEP270615-15,2026-09-27T10:15:00Z,84915.84,yes,85022.31
KXBTC15M-26SEP270630-30,2026-09-27T10:30:00Z,85022.31,no,84923.40
KXBTC15M-26SEP270645-45,2026-09-27T10:45:00Z,84923.4,no,84852.39
KXBTC15M-26SEP270700-00,2026-09-27T11:00:00Z,84852.39,yes,84857.73
KXBTC15M-26SEP270715-15,2026-09-27T11:15:00Z,84857.73,yes,84903.62
KXBTC15M-26SEP270730-30,2026-09-27T11:30:00Z,84903.62,no,84901.09
KXBTC15M-26SEP270745-45,2026-09-27T11:45:00Z,84901.09,no,84887.51
KXBTC15M-26SEP270800-00,2026-09-27T12:00:00Z,84887.51,no,84881.70
KXBTC15M-26SEP270815-15,2026-09-27T12:15:00Z,84881.7,yes,84981.42
KXBTC15M-26SEP270830-30,2026-09-27T12:30:00Z,84981.42,no,84942.08
KXBTC15M-26SEP270845-45,2026-09-27T12:45:00Z,84942.08,yes,84974.89
KXBTC15M-26SEP270900-00,2026-09-27T13:00:00Z,84974.89,no,84791.51
KXBTC15M-26SEP270915-15,2026-09-27T13:15:00Z,84791.51,no,84657.95
KXBTC15M-26SEP270930-30,2026-09-27T13:30:00Z,84657.95,yes,84919.49
KXBTC15M-26SEP270945-45,2026-09-27T13:45:00Z,84919.49,no,84798.31
KXBTC15M-26SEP271000-00,2026-09-27T14:00:00Z,84798.31,yes,85016.50
KXBTC15M-26SEP271015-15,2026-09-27T14:15:00Z,85016.5,no,84987.83
KXBTC15M-26SEP271030-30,2026-09-27T14:30:00Z,84987.83,no,84702.20
KXBTC15M-26SEP271045-45,2026-09-27T14:45:00Z,84702.2,yes,84746.37
KXBTC15M-26SEP271100-00,2026-09-27T15:00:00Z,84746.37,no,84540.45
KXBTC15M-26SEP271115-15,2026-09-27T15:15:00Z,84540.45,no,84478.08
KXBTC15M-26SEP271130-30,2026-09-27T15:30:00Z,84478.08,yes,84577.80
KXBTC15M-26SEP271145-45,2026-09-27T15:45:00Z,84577.8,no,84450.34
KXBTC15M-26SEP271200-00,2026-09-27T16:00:00Z,84450.34,yes,84455.59
KXBTC15M-26SEP271215-15,2026-09-27T16:15:00Z,84455.59,yes,84547.16
KXBTC15M-26SEP271230-30,2026-09-27T16:30:00Z,84547.16,yes,84569.84
KXBTC15M-26SEP271245-45,2026-09-27T16:45:00Z,84569.84,no,84370.69
KXBTC15M-26SEP271300-00,2026-09-27T17:00:00Z,84370.69,yes,84406.87
KXBTC15M-26SEP271315-15,2026-09-27T17:15:00Z,84406.87,no,84372.63
KXBTC15M-26SEP271330-30,2026-09-27T17:30:00Z,84372.63,yes,84417.64
KXBTC15M-26SEP271345-45,2026-09-27T17:45:00Z,84417.64,yes,84464.13
KXBTC15M-26SEP271400-00,2026-09-27T18:00:00Z,84464.13,yes,84548.52
KXBTC15M-26SEP271415-15,2026-09-27T18:15:00Z,84548.52,yes,84585.08
KXBTC15M-26SEP271430-30,2026-09-27T18:30:00Z,84585.08,yes,84717.67
KXBTC15M-26SEP271445-45,2026-09-27T18:45:00Z,84717.67,yes,84744.82
KXBTC15M-26SEP271500-00,2026-09-27T19:00:00Z,84744.82,yes,84795.50
KXBTC15M-26SEP271515-15,2026-09-27T19:15:00Z,84795.5,no,84786.32
KXBTC15M-26SEP271530-30,2026-09-27T19:30:00Z,84786.32,no,84680.29
KXBTC15M-26SEP271545-45,2026-09-27T19:45:00Z,84680.29,yes,84757.82
KXBTC15M-26SEP271615-15,2026-09-27T20:15:00Z,84720.83,yes,84795.01
KXBTC15M-26SEP271630-30,2026-09-27T20:30:00Z,84795.01,no,84605.94
KXBTC15M-26SEP271645-45,2026-09-27T20:45:00Z,84605.94,yes,84621.47
KXBTC15M-26SEP271700-00,2026-09-27T21:00:00Z,84621.47,no,84534.55
KXBTC15M-26SEP271715-15,2026-09-27T21:15:00Z,84534.55,yes,84667.05
KXBTC15M-26SEP271730-30,2026-09-27T21:30:00Z,84667.05,no,84606.54
KXBTC15M-26SEP271745-45,2026-09-27T21:45:00Z,84606.54,no,84532.33
KXBTC15M-26SEP271800-00,2026-09-27T22:00:00Z,84532.33,yes,84656.98
KXBTC15M-26SEP271815-15,2026-09-27T22:15:00Z,84656.98,no,84314.62
KXBTC15M-26SEP271830-30,2026-09-27T22:30:00Z,84314.62,yes,84545.95
KXBTC15M-26SEP271845-45,2026-09-27T22:45:00Z,84545.95,no,84179.88
KXBTC15M-26SEP271900-00,2026-09-27T23:00:00Z,84179.88,yes,84194.99
KXBTC15M-26SEP271915-15,2026-09-27T23:15:00Z,84194.99,yes,84227.58
KXBTC15M-26SEP271930-30,2026-09-27T23:30:00Z,84227.58,yes,84390.86
KXBTC15M-26SEP271945-45,2026-09-27T23:45:00Z,84390.86,no,84337.75
KXBTC15M-26SEP272000-00,2026-09-28T00:00:00Z,84337.75,yes,84446.08
KXBTC15M-26SEP272015-15,2026-09-28T00:15:00Z,84446.08,no,84414.77
KXBTC15M-26SEP272030-30,2026-09-28T00:30:00Z,84414.77,yes,84780.77
KXBTC15M-26SEP272045-45,2026-09-28T00:45:00Z,84780.77,no,84272.52
KXBTC15M-26SEP272100-00,2026-09-28T01:00:00Z,84272.52,no,84142.39
KXBTC15M-26SEP272115-15,2026-09-28T01:15:00Z,84142.39,no,83978.57
KXBTC15M-26SEP272130-30,2026-09-28T01:30:00Z,83978.57,yes,84077.35
KXBTC15M-26SEP272145-45,2026-09-28T01:45:00Z,84077.35,no,83836.88
KXBTC15M-26SEP272200-00,2026-09-28T02:00:00Z,83836.88,no,83700.88
KXBTC15M-26SEP272215-15,2026-09-28T02:15:00Z,83700.88,yes,83732.16
KXBTC15M-26SEP272230-30,2026-09-28T02:30:00Z,83732.16,no,83652.19
KXBTC15M-26SEP272245-45,2026-09-28T02:45:00Z,83652.19,no,83494.50
KXBTC15M-26SEP272300-00,2026-09-28T03:00:00Z,83494.5,no,83394.03
KXBTC15M-26SEP272315-15,2026-09-28T03:15:00Z,83394.03,yes,83429.03
KXBTC15M-26SEP272330-30,2026-09-28T03:30:00Z,83429.03,no,83317.98
KXBTC15M-26SEP272345-45,2026-09-28T03:45:00Z,83317.98,yes,83457.59
KXBTC15M-26SEP280000-00,2026-09-28T04:00:00Z,83457.59,no,83323.89
KXBTC15M-26SEP280015-15,2026-09-28T04:15:00Z,83323.89,yes,83410.26
KXBTC15M-26SEP280030-30,2026-09-28T04:30:00Z,83410.26,yes,83469.47
KXBTC15M-26SEP280100-00,2026-09-28T05:00:00Z,83481.1,yes,83484.63
KXBTC15M-26SEP280115-15,2026-09-28T05:15:00Z,83484.63,no,83282.51
KXBTC15M-26SEP280130-30,2026-09-28T05:30:00Z,83282.51,no,83071.60
KXBTC15M-26SEP280145-45,2026-09-28T05:45:00Z,83071.6,yes,83099.01
KXBTC15M-26SEP280200-00,2026-09-28T06:00:00Z,83099.01,yes,83163.59
KXBTC15M-26SEP280215-15,2026-09-28T06:15:00Z,83163.59,yes,83239.25
KXBTC15M-26SEP280230-30,2026-09-28T06:30:00Z,83239.25,no,83046.46
KXBTC15M-26SEP280245-45,2026-09-28T06:45:00Z,83046.46,yes,83181.66
KXBTC15M-26SEP280300-00,2026-09-28T07:00:00Z,83181.66,no,83131.72
KXBTC15M-26SEP280315-15,2026-09-28T07:15:00Z,83131.72,no,83049.77
KXBTC15M-26SEP280330-30,2026-09-28T07:30:00Z,83049.77,no,82925.22
KXBTC15M-26SEP280345-45,2026-09-28T07:45:00Z,82925.22,no,82894.82
KXBTC15M-26SEP280400-00,2026-09-28T08:00:00Z,82894.82,yes,82951.18
KXBTC15M-26SEP280415-15,2026-09-28T08:15:00Z,82951.18,yes,82977.62
KXBTC15M-26SEP280430-30,2026-09-28T08:30:00Z,82977.62,no,82795.57
KXBTC15M-26SEP280445-45,2026-09-28T08:45:00Z,82795.57,yes,82861.02
KXBTC15M-26SEP280500-00,2026-09-28T09:00:00Z,82861.02,yes,82926.45
KXBTC15M-26SEP280515-15,2026-09-28T09:15:00Z,82926.45,no,82826.80
KXBTC15M-26SEP280530-30,2026-09-28T09:30:00Z,82826.8,no,82769.93
KXBTC15M-26SEP280545-45,2026-09-28T09:45:00Z,82769.93,no,82602.13
KXBTC15M-26SEP280600-00,2026-09-28T10:00:00Z,82602.13,yes,82615.99
KXBTC15M-26SEP280615-15,2026-09-28T10:15:00Z,82615.99,yes,82682.18
KXBTC15M-26SEP280630-30,2026-09-28T10:30:00Z,82682.18,yes,82772.22
KXBTC15M-26SEP280645-45,2026-09-28T10:45:00Z,82772.22,yes,82909.09
KXBTC15M-26SEP280700-00,2026-09-28T11:00:00Z,82909.09,yes,82924.72
KXBTC15M-26SEP280715-15,2026-09-28T11:15:00Z,82924.72,yes,82956.62
KXBTC15M-26SEP280730-30,2026-09-28T11:30:00Z,82956.62,yes,82989.69
KXBTC15M-26SEP280745-45,2026-09-28T11:45:00Z,82989.69,yes,83051.43
KXBTC15M-26SEP280830-30,2026-09-28T12:30:00Z,83327.46,yes,83355.10
KXBTC15M-26SEP280845-45,2026-09-28T12:45:00Z,83355.1,no,83290.13
KXBTC15M-26SEP280900-00,2026-09-28T13:00:00Z,83290.13,yes,83547.31
KXBTC15M-26SEP280915-15,2026-09-28T13:15:00Z,83547.31,no,83383.49
KXBTC15M-26SEP280930-30,2026-09-28T13:30:00Z,83383.49,yes,83528.72
KXBTC15M-26SEP280945-45,2026-09-28T13:45:00Z,83528.72,yes,83711.14
KXBTC15M-26SEP281000-00,2026-09-28T14:00:00Z,83711.14,no,83635.43
KXBTC15M-26SEP281015-15,2026-09-28T14:15:00Z,83635.43,no,83398.37
KXBTC15M-26SEP281030-30,2026-09-28T14:30:00Z,83398.37,no,83179.22
KXBTC15M-26SEP281045-45,2026-09-28T14:45:00Z,83179.22,no,82892.45
KXBTC15M-26SEP281100-00,2026-09-28T15:00:00Z,82892.45,yes,82953.65
KXBTC15M-26SEP281115-15,2026-09-28T15:15:00Z,82953.65,yes,82960.58
